hall_name,id,guarantors,hall_price,food_price,extra_price,keywords,review_disadvantage,review_advantage
AT포레 양재,1,300.0,6900000,69000.0,,"대중교통 편의, 홀 제공 음식",아쉬운 점 혹은 걱정되는 점 : 연회장까지 엘레베이터 타고 이동하는게 걱정이긴 하지만 그래도 계약했습니다.,
AT포레 양재,1,250.0,7500000,75000.0,,건물이 해당 층 이외에 다른 곳들이 사무실이어서 주말 예식에는 엘레베이터 사용이 큰 문제 없을 것 같아보여요.앞뒤타임 분리를 위해 단독홀+연회장2개 시스템으로 하시더라구요~ 다른 손님과 섞일일은 없을 것 같습니다. 무엇보다 홀이 생각보다 넓고 층고가 꽤 높더라구요. 꽃장식이 이쁩니당. 신부대기실 옆 통창이 있어서 빛도 잘 들어와   자연광으로 사진찍기 너무 좋았어요. 웨딩컨시지어스 서비스가 있어 신랑 신부 짐을 알아서 옮겨주신다는 점도 인상깊었습니다. 지하1층에 한복대여 및 메이크업샵이 있어서 혼주분들은 그쪽에서 대여하고 메이크업 받으시면 편하실 것 같았어요. 건물대 주차가 1000대 가능하고 전철역 바로 연결이라 진짜 괜찮더라구요. 당일 계약 후 2주 내 취소시 계약금 100% 환불이라 마음에 드시면 계약하고 고민하시는 것도 괜찮을 것 같음.,"엘베여서 헤메시는 분들을 조금 보았습니다. MR이 최대 4곡까지 가능, 대관료에 폐백실 사용료 포함이고 폐백 안하셔도 이부분은 안빼주신답니다, 로비가 살짝 올드함",
AT포레 양재,1,200.0,6000000,65000.0,,"어두운 홀, 주차 편리, 음식 후기 좋음, 당일 계약 혜택",,
AT포레 양재,1,250.0,6000000,67000.0,전반적으로 교통부터 좋은 홀이라서 가성비 챙기시는 분이시라면 넘 좋은 선택,,"오래된 된느낌이 살짝 났다는 점

저는 괜찮았는데 신랑은 약간 학교 강당같은 느낌이 많이 났대요",
AT포레 양재,1,300.0,7500000,75000.0,"견적받은 할인가 식대, 대관료 그 외 기타 비용 운영진 공개","주차장, 대중교통 편의, 홀 제공 음식, 식 간격, 단독 홀, 생화 장식, 신부 대기","아쉬운 점 혹은 걱정되는 점- 많이들 호불호 갈리시는 부분이 홀은 5층인데 식사는 지하 1층이라 엘레베이터 타고 내려가야한다는 점입니다. 하지만 저희는 이 부분은 별로 개의치 않기도 했고, 어차피 집으로 돌아가실 때는 아래로 내려가야하는 거여서 오히려 집 가실 때 편하시겠다는 생각이 들었어요. 지하 1층에 주차장도 바로 연결되어 있습니다.저의 후기가 도움이 되시길 바랍니다 :)감사합니다.",
AT포레 양재,1,250.0,7500000,75000.0,"식대 할인 가격: 65,000, 대관료 할인 가격: 6,000,000","식장에 꽃 장식이 풍부하고 홀이 넓어서 웅장한 느낌을 줌, 밥이 맛있기로 소문남, 메뉴 구성 좋아보였음 (수조가 있어 해산물 싱싱), 연회장이 두 곳이어서 타임별로 철저한 하객 구분 가능, 양재시민의숲역에서 이어짐, 고속도로 이용 편리, 생각보다 저렴했던 단가, 가성비있다고 느낌","홀이 오래되어 요즘 트렌드와는 거리가 있음, 올드한 느낌이 있음, 신부대기실 공간이 작다, 연회장에서 음식 받는 곳이 좁아 혼잡해 보였음 (하객들 동선 부딪힘), 홀(8층)과 연회장(B1층) 층이 다름 (엘리베이터가 1층까지만 와서 따로 에스컬레이터나, 다른 엘레베이터로 갈아타야함), 예약실에서 홀 투어해주시는 직원(아마도 알바생)과 견적 상담해주시는 직원이 다름",
AT포레 양재,1,300.0,7500000,,"식대 할인 가격: 74,000, 대관료 할인 가격: 7,000,000","양재시민의숲역과 바로 연결되어 있어 접근성은 상당히 편리했습니다. 지방에서 자차로 오는 하객들도 서울 도심까지 진입하지 않아도 되는 점이 장점이었어요. 다만 양재꽃시장 인근 도로가 늘 막히는 구간이라 예상보다 시간이 더 소요될 수 있다는 점은 아쉬웠습니다.

제일 최고 장점은 양재 꽃시장 근처에 위치해있어 꽃이 아주 싱싱하다는 점이에요! 저도 꽃을 중요하게 봐서 여기를 상담 리스트에 넣은거였는데요! 역시나 명성 답게 진짜 꽃 향기가 진동을 해서 넘 좋았습니다!

주차 공간은 넓은 편이었지만 박람회와 겹칠 경우 꽃시장 주차장을 이용해야 할 수 있다는 이야기를 들었습니다. 다행히 박람회가 열려도 동선이 크게 겹치지는 않아 혼잡함은 덜할 것 같았어요.

홀은 층고가 높아 개방감이 있었고 좌석 간격도 여유로워 쾌적한 느낌을 받았습니다. 건물이 오래되었음에도 불구하고 관리가 잘 되어 전반적으로 깔끔했어요. 연회장도 음식 구성이 괜찮았고, 특히 해산물이 싱싱해 보이고 대게·양고기·동파육 같은 메뉴가 돋보였습니다.

장점으로는 풍성한 꽃 장식과 넓은 홀에서 느껴지는 웅장함, 깔끔하고 맛있다는 평이 많은 연회장, 역과 고속도로 접근성, 생각보다 합리적인 가격이 꼽혔습니다. 반면 단점은 다소 올드한 인테리어, 협소한 신부대기실, 음식 배식 공간의 혼잡함, 홀과 연회장이 층이 달라 동선이 복잡하다는 점이 있었습니다.

결론적으로, 이 웨딩홀은 가성비와 교통 편의성을 중시하는 분들에게는 좋은 선택지라고 생각합니다.","하지만 최신식 인테리어와 세련된 분위기를 원하는 분들에겐 다소 아쉬울 수 있어요. 저 역시 전반적으로 만족스러웠지만, 학교 강당 같은 분위기라는 점이 너무 크리티걸 했기 때문에 최종적으로는 다른 홀을 선택하게 되었습니다",
AT포레 양재,1,300.0,8500000,85000.0,"식대 할인 가격: 70,000, 대관료 할인 가격: 7,000,000","생화 향기 은은하게 버져있어 좋았습니다. 하객을 맞이하는 공간도 넓고, 바로 옆에 하늘 공원이 있어 바람을 쐐거나 흡연하시는 분들은 이용할 수 있습니다. 신부대기실은 화이트와 핑크 생화가 풍성하게 장식되어 조화가 아름답습니다. 웨딩홀은 가로로 긴 형태이고, 우드톤 인테리어와 풍부한 생화 장식이 포인트입니다. 연회장 두 곳으로 운영됩니다. 타임별 하객수에 따라 번갈아 배정된다. 식사는 약 150가지 메뉴로 다양하고 모자람없이 즐길 수 있다. 디저트도 보기 좋게 세팅되어 있다. 고급 메뉴가 있다.",주말에 1층과 2층에 박람회가 자주 열리는데 저희가 웨딩을 올릴 때는 농산물 박람회가 열려서 매우 혼잡했습니다.,
AT포레 양재,1,250.0,8500000,85000.0,"식대 할인 가격: 68,000, 대관료 할인 가격: 6,500,000","양재 at포레는 카페에서도 자주 보이고, 주변에서도 많이 들어본 곳이라 괜찮겠다! 싶어서 상담 받았습니다. 

상담을 정말 엄청 꼼꼼하게 해주시고 실제 예식하신 사진들을 많이 보여주시면서 이미지를 그려주시더라구요 

연회장, 혼주 메이크업, 한복은 지하 1층에, 웨딩홀은 5층에 있는데 엘리베이터가 여기저기 많아서 동선이 복잡하지는 않을것 같다고 생각했습니다. 

아! 가장 큰 장점은 연회장에서 하객이 안섞이게끔 해주신다고 하더라구요 이거 중요하게 보고 있었는데 아무리 연회장이 두곳이라 하더라도 하객이 안섞이는건 쉽지않던데 큰 장점인 것 같습니다. 

주차도 동시 1000대까지 가능해서 넉넉하고 혹~시나 같은 건물에서 주말에 큰 행사를 진행하게 될 경우 양재꽃시장에 주차장을 열어주신다고 하셨어요  계약 후 2주이내 취소시 수수료 없이 전액 환불 된다는 점도 좋다고 생각했습니다. 당일 계약하면 서비스로 넣어주시는 것도 다른데 보다 많다고 느꼈어요. ",연회장에 사람이 너무 많아서 그럴수도 있지만 연회장이 좀 좁다고 느껴졌습니다. 특히 신부대기실이 굉장히 올드하다는 느낌을 받았어요. ,
GS 아모리스 역삼,2,250.0,5500000,100000.0,"견적받은 할인가 식대, 대관료 그 외 기타 비용할인 식대(스탠다드) 90,000할인 대관료 4,500,00=> 기타 포함 총 32,500,00",,"아쉬운 점 혹은 걱정되는 점역삼역과 홀이 이어져 있다는 점이 장점이지만, 건물 로비가 축의대가 되다보니 어수선한 느낌이 있었습니다.",
HW컨벤션센터 하림각,3,200.0,13500000,87000.0,"견적받은 할인가 식대, 대관료 그 외 기타 비용6,300,000 / 성인 63,000",,"아쉬운 점 혹은 걱정되는 점올드한 건물, 경복궁역에서 버스타고 10분 + 하차 후 횡단보도 건너서 3분웨딩홀 투어 중 최악의 상담직원",
JK아트컨벤션 그랜드홀,4,200.0,8000000,68000.0,"견적받은 할인가 식대, 대관료 그 외 기타 비용 : 대관료 300만원 / 56,000원(봉사료3% 제외)","신부 대기, 홀 제공 음식, 식 간격",아쉬운 점 혹은 걱정되는 점규수당과 같은 건물이라 주차 혼잡 걱정도 되고 건물 자체가 낡은 편이다보니 ㅠ...,
JS웨딩컨벤션 광주 ,13,200.0,,,,"단독 홀, 합리적 가격, 주차장, 홀 제공 음식","아쉬운 점 혹은 걱정되는 점: 양쪽 폭이 좁은 느낌, 단상이 좁아 서 있기 힘들어 보임",
JW 메리어트 서울,5,200.0,18700000,155000.0,"견적받은 할인가 식대, 대관료 그 외 기타 비용- 식음료 10% 할인- 무대 연출 및 미디어월, 샹들리에 추가비용 별도","생화 장식, 예쁜 홀, 합리적 가격","아쉬운 점 혹은 걱정되는 점다만 아쉬운 점은, 개인적으로 화이트 그린 웨딩을 올리고 싶어서, 버진로드와 뒷 커튼 색상을 흰색으로 교체가 가능하냐고 여쭤봤는데, 둘다 할수 있으나, 뒷 커텐은 중간 단상 부분만 흰색으로 교체가 가능하다는 답변을 받았습니다. 애초에 시공이 그런식으로 되어있어서 변경을 못하는거 같아요. 다른 웨딩홀들은 화이트 + 블랙 컨셉 모두 연출 가능하게 되어있는데 JW 만 어두운 예식으로 할 수 있다는데 아쉽다는 생각입니다.",
JW 메리어트 서울,5,200.0,,,,"예쁜 홀, 넓은 홀, 대중교통 편의, 고객 응대","아쉬운 점 혹은 걱정되는 점: 금액 인상이 있었던 점, 교통편이 좋은 만큼 혼잡한 교통이 아쉬운 점이었으나 전반적으로 만족.",
KDW 강동,6,200.0,7000000,70000.0,"견적받은 할인가 식대, 대관료 그 외 기타 비용48,000원, 180만원","합리적 가격, 고객 응대","아쉬운 점 혹은 걱정되는 점홀이 작아서 걱정이고, 단독홀이 아닌 한 층에 홀이 2개가 있어 복잡할 것 같습니다. 그래도 2개 홀이 40분 정도씩 시간차이가 나고, 저희는 오전 첫타임이라 괜찮을 것 같습니다.주차장을 제대로 못봤는데 통로가 좁다더군요.",
KT여의도웨딩컨벤션,7,200.0,,,,"-단독홀
-바로앞에 버스정류장 있음
-신부대기실이 넓고 예쁘다(전부 생화)
-신부입장 직전에 상단에 있는 작은 모니터로 화촉점화, 신랑 입장 볼 수 있다
-2층 연회장 엄청 넓음
-지하 주차장 넓음","아쉬운 점 혹은 걱정되는 점: 지하철역에서 멀다
-버진로드가 경사졌다
-신부대기실에서 홀로 가는 길 또한 경사가 있다(높은 구두 신으면 힘들듯)
-1층 연회장이 상대적으로 너무 작게 느껴진다
-연회장 1층 or 2층 랜덤배정이고 식 1주일 전즈음 알 수 있다(같은 돈 내고 1층걸리면 ..너무 속상할 것 같음..)
​
저희의 기준과는 조금 다른 홀이었지만 주차, 단독홀, 층고넓음(6m) 버진로드 긴편(26m) , 모두생화 인점들을 보면 확실히 장점도 많은 홀입니다 !!! ",
MJ컨벤션 소사 부천,8,250.0,4500000,,"견적받은 할인가 식대, 대관료 그 외 기타 비용 400만/57000원",,아쉬운 점 혹은 걱정되는 점 : 계약은 해버렸는데 일정때문에 바꿔야 할것 같아서 현재 양도 고민중(양도 원하시는 분 쪽지주세요~),
MJ컨벤션 소사 부천,8,230.0,4500000,57000.0,"견적받은 할인가 식대, 대관료 그 외 기타 비용정찰제로 할인 따로 없었습니다.","홀 제공 음식, 단독 홀, 주차장, 예쁜 홀, 신부 대기, 대중교통 편의","아쉬운 점 혹은 걱정되는 점- 오후식이라 주차가 걱정되기는 하지만근처에 소사구청?..쪽에도 주차할 곳 있다고 들어서 괜찮습니다.사실 딱히 아쉬운점은 없었어요 ㅜㅜ ,,,식 올리고 이건 후기를 들고오겠습니다.",
SY컨벤션 수원,9,200.0,,,,"하우스웨딩, 층고 높음, 올해 새로 오픈한 베뉴",아쉬운 점 혹은 걱정되는 점: 복합상가라 건물에 상가가 많아 본식 날 혼란스러울 것 같음. 엘리베이터가 느려서 공사 예정이라 걱정됨.,
SY컨벤션 수원,9,200.0,9000000,80000.0,"견적받은 할인가 식대, 대관료 그 외 기타 비용운영진","넓은 홀, 식 간격, 단독 홀",아쉬운 점 혹은 걱정되는 점주차무료가 2시간까지라 식 +식사까지 했을때 넘을 거 같아 하객분들에게 주차비를 내게 해야하는게 조금은 걱정됩니다,
S가든 웨딩홀 대전,10,200.0,1800000,55000.0,"견적받은 할인가 식대, 대관료 그 외 기타 비용운영진공개","단독 홀, 주차장, 예쁜 홀, 홀 제공 음식, 대중교통 편의",아쉬운 점 혹은 걱정되는 점(1) 주차(2) 대중교통으로 올 시 어려울 수 있음-> 근처 역에서 셔틀 있다고 함(3) 연회장과 홀의 위치 B1-4층,
S가든 웨딩홀 대전,10,350.0,1800000,55000.0,"견적받은 할인가 식대, 대관료 그 외 기타 비용운영진공개",신부 대기,아쉬운 점 혹은 걱정되는 점예식일이 아니라 쉬는 날에 가서아직은 잘 모르겠으나 다음에 예식있는 날 한번 더 방문해보려구요~~,
S가든 웨딩홀 청주,11,220.0,,,"견적받은 할인가 식대, 대관료 그 외 기타 비용 업체요청으로 생략(식대및 대관료는 청주 다른 웨딩홀들과 비슷하였습니다)","합리적 가격, 생화 장식, 고객 응대, 주차장, 신부 대기",아쉬운 점 혹은 걱정되는 점다른분들후기보면 하객석에서 볼때 촛대가나 꽃장식이 가려서 불편하다는 글도 있었습니다 그 부분도 참고하시면 좋을것같네요 저희는 신부제주신랑대전 예식이라 청주공항이랑 가까우면해서 전날뒷날 펜션을 잡거나 해야할것 같습니다,
T웨딩홀,12,220.0,,,할인식대 비공개 / 기타비용 (사회자),"홀 제공 음식, 단독 홀, 주차장, 예쁜 홀, 신부 대기, 대중교통 편의",화환을 안으로 반입이 안되어 1층 로비에 두는게 조금 아쉬웠습니다,
공군호텔 3층,14,200.0,2700000,49000.0,"견적받은 할인가 식대, 대관료 그 외 기타 비용41,000원 270만원",,아쉬운 점 혹은 걱정되는 점신부대기실에 꽃이 원래 거의없어서업체를 따로 구했는데애매한 꽃들이 들어와버렷어요 ㅜ,
그래머시 아셈볼룸,15,300.0,,82000.0,"견적받은 할인가 식대, 대관료 그 외 기타 비용 : 할인가 7만원 후반대 + 꽃장식 800만원 이상","단독 홀 , 넓은 홀, 홀 제공 음식, 합리적 가격, 주차장, 식 간격, 생화 장식",아쉬운 점 혹은 걱정되는 점가장 아쉬운 점은 천장…….🥺🥺🥺 디자인인데요….네모네모가 보이기 시작하면 멈출수없는 매직이있는데 앞만보고 행진해보겠습니다 (위에 사진 참고 부탁드립니다)또 식전 떡을 반드시 해야하는데 (인당 3-5천원)이 추가로 든다는 점이네요. 근데 떡 디자인을 봤는데 고급지긴해서 화난 마음이 누그러 집니다아 추가로 삼성역에서 멀어서 하객입장에서 코엑스 무한 미로에 갖힐수 있어서 보통은 청첩장에 봉은사 역으로만 표기한다고 합니다,
그랜드컨벤션 당산,16,200.0,7000000,70000.0,"견적받은 할인가 식대, 대관료 그 외 기타 비용대관료: 180만원대인 식대: 50,000원소인 식대: 33,000원",,"아쉬운 점 혹은 걱정되는 점홀 분위기(채플홀), 위치, 견적 모두 맘에 드는 곳이였습니다.다만, 저희 부모님이 원하는 시간대에 이미 예약이 모두 차있어서 계약하지 않았습니다.특히 본식사진 뿐만 아니라 본식 dvd까지 서비스로 넣어주셔서 그부분도 맘에 들고아주 널널한 90분의 예식 시간 + 주차장에서 웨딩홀가지 셔틀버스 운영 등 하객을 위한 섬세한 서비스도 맘에 들었지만저희는 무조건 토요일 오후 12시 프리미엄 시간대를 부모님이 원하셔서 너무나도 아쉽게 계약하지 못했습니다ㅠㅜ!저와 같이 채플홀에 관심 있으신 신부님들은 꼭! 상담 가보시기를 추천드립니다!그외로 걱정되는 점은 밥 먹을 때 손님을 내쫒는다는 후기 글을 본적이 있습니다.이부분에 대해서는 하객 후기를 많이 찾아보는 것이 좋을거 같습니다 (실제로 겪은바 X)",
그랜드하얏트 서울 그랜드볼룸,17,250.0,,,,"클래식한 분위기, 친절한 직원, 깔끔한 화장실, 서울역 근접성, 주차 문제","아쉬운 점 혹은 걱정되는 점: 비용 부담이 큼, 시위 소음 위험이 있지만 실제로 크게 들리지는 않음. 주차는 어렵지만 차를 가져올 사람은 많지 않을 것으로 예상. 지방에서 오는 손님은 서울역과 가까워서 편리함.",
그랜드하얏트 서울 그랜드볼룸,17,250.0,8000000,190000.0,"견적받은 할인가 식대, 대관료 그 외 기타 비용 : 기본 식대 + 대관료 등 모두 포함 8천 초반대",예쁜 홀,"아쉬운 점 혹은 걱정되는 점 : 최소 인원이 250명인 홀이기 때문에, 다소 홀이 작아보일까봐 걱정되었는데 담당 지배인님께 여쭤보니 테이블당 인원을 7-8명으로 지정하면 충분히 예쁘다고 하시더라고요! 그점은 호텔측의 조언에 맡기려 합니다. 그랜드 볼룸 반대편에는 미팅홀이 하나 더 있는데, 만약 당일에 해당 홀에서 행사가 있을 시 포이어 공간을 가벽으로 구분하여 사용한다고 하더라고요. 제발 당일에 행사가 없길 바랄뿐입니다...!",
그랜드하얏트 서울 남산룸,18,110.0,5500000,170000.0,"견적받은 할인가 식대, 대관료 그 외 기타 비용할인없음, 일요일식대 15만원","예쁜 홀, 대중교통 편의, 합리적 가격, 고객 응대, 신부 대기",아쉬운 점 혹은 걱정되는 점스몰웨딩이라 최대인원이 140명인데 넘을까봐 걱정되는것빼고는 모든게 맘에 듭니다😍,
그레이스파티,19,,9550000,69000.0,"견적받은 할인가 식대, 대관료 그 외 기타 비용 : 650만원/67,000원","단독 홀, 예쁜 홀, 생화 장식, 스몰 웨딩",아쉬운 점 혹은 걱정되는 점초역세권은 아니지만 지하철역 신대방역과 신림역이 가깝고신림역에서 셔틀버스를 운행한다고 합니다.웨딩홀 바로 앞에 버스정류장도 있어서 대중교통 이용시에도큰 불편함은 없을 것 같아요.,
그레이스파티,19,,9550000,69000.0,"대관료 650만원, 식대 67000원",신상 베뉴,"아쉬운 점 혹은 걱정되는 점: 가장 가까운 역은 신림역, 신대방 역이라고 하는데, 차타고 오며 보니

걸어오기엔 거리가 살짝 있어보이더라구요.

셔틀 버스 여쭤보니 수시로 운영한다고 해주셨어요 (10-15분 간격)

주차장은 엄청 넓었어요",
까사그랑데 센트로 건대입구역,20,200.0,12000000,90000.0,"견적받은 할인가 식대, 대관료 그 외 기타 비용식대 8만원 / 대관료 750만원","단독 홀, 주차장, 예쁜 홀, 홀 제공 음식, 대중교통 편의","아쉬운 점 혹은 걱정되는 점이렇게 보면 아쉬운점이 없어보이지만,, 제일 걸렸던점이 위치와 주차에요지방하객들이 있어서 터미널이나 역에서 이동이 조금 번거롭고 또 건대역에서는 가깝지만 차로 올경우 양꼬치거리와 술집거리를 지나서 와야하는데 처음 갔을때 응? 이런곳에 웨딩홀이? 싶은 기분이 들었고,, 살짝 고급스러워 보이지 않았어요그리고 오피스텔? 과 같이 사용하는 주차장이라 그런지 지하 5층 정도로 내려가서야 주차를 할수있었고 일부는 주차공간에 댈수있지만 나머지는 기계식 주차로 발렛을 이용해야하더라구요엄청 지하이기때문에 계단으로 이용이 불가하고 다음타임 전타임 식들과 하객들이 겹칠경우 엘리베이터 이용이 불편할것 같았어요그리고 비수기임에도 생각보다 높은견적과 당일혜택이 거의 없었기에 선택하지 않았습니당",
까사그랑데 센트로 건대입구역,20,250.0,,,,"단독 홀, 주차장, 예쁜 홀, 홀 제공 음식, 대중교통 편의",,
까사그랑데 센트로 건대입구역 ,20,,,,,"건대입구역, 예쁜홀","아쉬운 점 혹은 걱정되는 점: 주차 공간이 협소하고, 엘리베이터가 작아 불편할 수 있습니다.",
노블발렌티 대치,21,250.0,9500000,95000.0,"견적받은 할인가 식대, 대관료 그 외 기타 비용일요일 기준식대 92,000대관료 8,900,000","합리적 가격, 생화 장식, 주차장, 홀 제공 음식",아쉬운 점 혹은 걱정되는 점아쉬운점은 역에서 거리인데요. 날씨가 걷기 힘들 날씨가 아닐 것으로 예상되고 셔틀도 직접 타보니 정말 금방 도착해서 크게 걱정되진 않아요,
노블발렌티 대치,21,250.0,9500000,95000.0,,"단독 홀, 주차장, 예쁜 홀 ","아쉬운 점 혹은 걱정되는 점물론 아쉬운 부분도 있어요 로비 내에 화환반입이나 포토부스 설치는 안돼요 내려오는 계단에 화환설치 가능하다고 하셨고 초역세권은 아니더라구요 삼성역에서 10분정도 걸어내려와야하고 셔틀버스는 자주 배치되어있다고 하더라구요홀 또한 채플형식 웨딩홀의 대명사? 답게 일자형 의자 입니다 ㅜㅜ 이게 제일 걸리긴 했어요 불편해 하실까봐,,그나마 다행인건 통으로 일자 의자는 아니고 개인 의자 하나씩이긴 하더라구요 그리고 250명 다 앉을 수 있다고 하셔서 조금 안심은 됐오요...단점이 아예 없는 웨딩홀은 없는것 같아요.!. 포용할 수 있는 단점이냐가 중요한것 같아요ㅜㅜ저도 단점이라하면 단점인 부분들이 있었지만 그래도 노블발렌티 대치를 선택한 이유는 그나마 제생각에 육각형베뉴에 가깝다는 생각이들었기 때문이에요저같은 신부님들은 노블발렌티 대치 투어 한번 가보시면 좋을것 같아요 저는 심플하고 유행타지 않는 홀을 선호하며, 바닥재나 샹들리에, 조명같은걸 다 신경쓰는 꼼꼼한 스타일이거든요 ㅎㅎㅎ......이 부분에서 노블발렌티 대치가 전반적으로 적당히 깔끔하고 고급스러웠어요 전체적으로 톤 다운된 우드톤의 인테리어와 대리석의 조화, 너무 과하지도, 색이 촌스럽지도 않은 꽃장식들과 조화가 하나도 없다는 점, 파랗지도, 노랗지도 않은 조명 등등 전반적으로 너무 만족한 웨딩홀이라 기대가 됩니다 나중에 본식 하게되면 후기도 남겨볼게요 ㅎㅎ",
노블발렌티 대치,21,,,,,"예쁜 홀, 넓은 홀, 단독 홀, 대중교통 편의","아쉬운 점 혹은 걱정되는 점: 도보로 10분 거리, 셔틀은 있으나 이용하지 않음. 보증인원 최소 250명으로 줄일 수 없어서 아쉬움. 예상 견적 초과로 계약하지 않음. 다른 베뉴를 찾아보지만 다시 계약할 것 같은 느낌.",
노블발렌티 삼성,22,230.0,10000000,90000.0,"견적받은 할인가 식대, 대관료 그 외 기타 비용- 6월 잔여타임, 일요일인 부분 고려하여 추가 할인 받았습니다.",고객 응대,"아쉬운 점 혹은 걱정되는 점- 크게 없습니다.다만, 뷔페가 아니라 코스요리라 하객 인원을 최대한 미리 잘 파악해야 큰 이슈가 없을 것 같아서 이 부분이 조금 걱정은 됩니다!하지만 이 부분에 대해서 웨딩홀 측에서 안심할 수 있도록 잘 안내해주셨습니다.",
노블발렌티 삼성,22,250.0,12000000,90000.0,"견적받은 할인가 식대, 대관료 그 외 기타 비용할인 식대 85,000대관료 8,700,000",,아쉬운 점 혹은 걱정되는 점사실 홀이 너무 예쁘고 특히.. 연회장.. 연회장이 너무 예뻐요.. 딱 그 하우스 웨딩 느낌에 화사한 연회장이 넘 맘에 들었어요 견적도 노블발렌티 대치보다 저렴해서 고민하였으나 몇 가지가 맘에 걸렸어요1) 주차주차 대수도 부족한 편이라고 생각됐지만 100대 정도만 근처 건물에 가능하고 200대는 길 건너 주차장에 대고 셔틀을 타고 와야하는 구조더라구요.. 식 끝나고도 셔틀타고 주차장으로 가야하는데 그부분이 고민됐어요ㅠㅠ2)코스요리사실 코스요리가 젊은 층에겐 선호되지만 어른들께는 호불호가 갈리는 것 같더라구요. 간혹 보이는 삼성점 음식의 호불호 의견이 맘에 걸렸습니다… 맛있었다는 후기도 많이 보았는데 저는 소심한 편이라 계속 신경 쓰일것 같긴 하더라구요. 제가 만약 친구들만 부르는 웨딩을 한다면 여기서 하고 싶었어요..^^3) 살짝 작은 홀홀은 화사하고 샹들리에도 넘 예쁜데.. 앉을 수 있는 좌석이 많지는 않더라구요. 한 180석 있었던걸로 기억하는데 물론 많은 분들이 보다가 금방 밥을 드시거나 먼저 밥드시는 경우가 있어서 괜찮다곤 하지만 조금은 신경 쓰였습니다,
노블발렌티 삼성,22,350.0,10000000,85000.0,"견적받은 할인가 식대, 대관료 그 외 기타 비용 :- 연말 맨 막바지 날짜 예식이라 식대, 대관료 등 포함해서 파격적인 프로모션 적용해주셨습니다. 상담 받아보시는 것 추천드립니다!","예쁜 홀, 단독 홀, 홀 제공 음식","아쉬운 점 혹은 걱정되는 점- 아무래도 위치가 강남권에 교통이 혼잡한 곳이라 자차로 방문하실 분들의 주차가 걱정되지만, 본관 주차장뿐아니라 제2주차장도 마련되어있어서 덜 걱정됩니다.",
노블발렌티 삼성,22,250.0,,,,"예쁜 홀, 단독 홀, 식 간격","아쉬운 점 혹은 걱정되는 점 : 딱히 없지만 건물 내 주차 대수가 100대 미만이라서 그 이후 오시는 하객분들은 앞에 주차장으로 가야한다는 점이 조금 걱정됩니다.상담할 때 제공해주시는 다과상담해주시는 담당자분도 너무 친절하게 설명도 잘 해주시고, 예식장이 독채 건물이라서 너무 여유롭고 좋았어요1층 로비로비에 웰컴티를 이용할 수 있는 공간과 포토 테이블이 꾸며져 있어요~ 호텔 로비 같았어요!화사한 채플홀연회장노블발렌티 삼성은 코스 양식으로 식사가 제공되고분리예식이에요!선택하게 된 가장 큰 이유는 바로 너무 고급지고 예쁜 연회장이에요!!테이블마다 장식된 꽃들과 분위기가 너무 예뻐요!연회장 2연회장은 2군데로 나뉘어 있고,위에 사진의 연회장은 식을 영상으로 보면서 식사를 할 수 있는 곳이에요!두 곳 다 너무 예뻤답니다.저희는 아직 시식을 해보기 전이지만 워낙 맛있다고 후기가 좋은 곳이라 걱정 안돼요!주차 공간은 건물에도 가능하고 바로 3분거리에 주차장 이용이 가능해요! 강남지역 웨딩홀들 주차가 정말 쉽지 않은데 가까운 곳에 마련이 되어 있어서 이 부분도 만족!저희는 결혼을 결정하고 최대한 빠른 날짜에 하자 라는 생각으로 준비를 시작해서, 마음에 드는 곳에 못할 수도 있다는 생각도 했어요! 저녁식이긴 하지만 저희가 중요하게 생각하는 단독홀,강남지역,주차,식사퀄리티 모두 만족하는 장소라서 마음에 듭니다!견적도 너무 잘 해주셔서 가격 부분도 생각보다 괜찮아요!예비 신부 신랑님들 참고 되시면 좋겠네여:)모두들 행복한 결혼준비 되셔여!!",
노블발렌티 삼성,22,300.0,12000000,90000.0,"견적받은 할인가 식대, 대관료 그 외 기타 비용 - 운영진 공개","예쁜 홀,식 간격","아쉬운 점 혹은 걱정되는 점 - 아무래도 토요일 낮이다보니 할인 폭이 크지는 않았던 점(이건 어느 홀을 가나 똑같긴 하지만..), 뷔페가 아닌 양식 코스요리라 어른들이나 아이들한테는 아쉬울 수 있지 않을까하는 점 등이 있기는 해요. 그래도 음식 양이 적어보이지는 않아서 다행입니다!",
노블발렌티 삼성,22,,,,,"단독홀, 주차 널널, 역세권, 따뜻한 조명, 동선 복잡","아쉬운 점 혹은 걱정되는 점: 가격이 다소 비싸고, 하객 동선이 복잡할 수 있음. 엘리베이터가 작고 2, 3층 식당으로 이동 시 계단을 이용해야 할 가능성이 있음.",
노블발렌티 삼성,22,300.0,12000000,90000.0,"견적받은 할인가 식대, 대관료 그 외 기타 비용♥ 76,000원~87,000원(주류비별도), 7,500,000원~9,000,000원* 여러날짜를 견적받아서,,견적받은 금액의 편차가 좀 있는데 시간대별로 요일별로 보증인원이 달라서노블에서 꼭 하고 싶으나 견적이 부담된다 하시면, 저는 시간대를 비인기시간대/토욜보단 일욜로 보시는거넘 추천드려요...! 저는 지방에서 오시는 손님분들이 많을 예정이여서 일욜을 선택하지 못한게 아쉽네요ㅠㅠ그래서 그런가 노블삼성은 오히려 토욜 3시가 가장 빨리 마감된다고 하셨었습니당!!* 저는 인기시간대로 계약을 해서 견적은 제가 받은 것 중에 가장 높은 금액입니다~","합리적 가격, 고객 응대, 홀 제공 음식, 신부 대기","아쉬운 점 혹은 걱정되는 점♥ 홀 크기가 엄청 넓진 않아요..보증인원이 300명이긴 한데, 보증인원이 다들어갈 수 있는 크기는 아녔어요..(앉아있을 수 있는 공간 외에 서있을 수 있는 공간 자체도 좁아보여서요!)제가 노블 홀을 좋아해서 대치도 가봤는데, 홀 여유공간은 대치가 더 넓어보였습니다..!!♥ 결혼식 비용이 생각보다 비싸서 부담되는데,,,견적받은 금액에서 주류비 별도라 좀 아쉬웠어요...주류는 원하는대로 비치는 가능해서 필수는 아니지만...! 식사가 양식이라 해야되지 않을까 싶네용♥ 주차공간이 건물내+건물외에 구분되어서 주차가 가능하기 때문에 차를 가져오시는 손님분들이많으시다면...주차공간 때문에 고민을 살짝 했답니당....♥ 본식 스냅업체를 지정된 2개의 업체 중 하나로 선택해야하는데, 알아보니까 살짝 금액이 비싼 편이더라구용...?그래서 좀 아쉬웠습니당......",
노블발렌티 삼성,22,200.0,12000000,90000.0,"견적받은 할인가 식대, 대관료 그 외 기타 비용: 79,000원 / 8,400,000원","단독 홀, 주차장, 예쁜 홀, 홀 제공 음식, 대중교통 편의","아쉬운 점 혹은 걱정되는 점: 아쉬웠던 점은 주차였어요. 내부 주차장은 건물뒤에 50~60여대가 주차가능하고 근처 별관 주차장에이외 주차를 할수 있었는데, 내부 주차장에 주차가 더 가능했다면 좋았을텐데라는 아쉬운점이 있었어요.저도 평소에 결혼식 하객으로 가면 차를 들고가는데 내부에 주차하고 바로 들어가면 훨씬 편하게 느껴지더라고요.그래서 그점이 좀 아쉽게 느껴졌어요. 그래도 5분 내외로 별관 주차장이 가깝게 있어 괜찮다는 생각이 들었습니다.",
노블발렌티 삼성,22,300.0,12000000,90000.0,"견적받은 할인가 식대, 대관료 그 외 기타 비용 :식대 82,000 대관료 8,500,000","홀 제공 음식, 단독 홀, 주차장, 예쁜 홀, 신부 대기, 대중교통 편의","아쉬운 점 혹은 걱정되는 점 :본관 주차장에서 보게되는 건물 후면이 너무 낡고 우중충한 느낌이 들어서 그게 아쉬웠습니다. ㅠㅠ 후기 봤더니 서버들이 불친절하다는 이야기도 있지만.. 서버를 추가로 고용했다고 해서 괜찮겠지 생각하고 있어요.그리고 하객분들이 빨리 오시는건지.. 제가 갔을때는 식 시작 30분이 되지 않았는데 축의대를 정리하고 계셔서, 늦게오시는 분들이 축의금을 내기 어렵겠다는 생각을 했어요.",
노블발렌티 삼성,22,250.0,12000000,90000.0,"견적받은 할인가 식대, 대관료 그 외 기타 비용운영진 공개",예쁜 홀,"아쉬운 점 혹은 걱정되는 점코스요리라 어른들이 어떻게 생각하실지 걱정이지만 맛있다는 후기도 많고 식당 분위기가 좋아 골랐습니다.----최근에 여러 웨딩홀을 고민하던 중, 노블발렌티 삼성점과 최종 계약을 하게 되었습니다.**단독홀**노블발렌티 삼성점은 단독홀이라는 점이 큰 강점 중 하나라고 생각됩니다. 1층에는 혼주들이 손님을 맞이할 수 있는 로비와 게스트 전용 라운지가 마련되어 있었고, 웰컴 음료와 함께 넓고 여유로운 분위기 속에서 하객들이 북적이지 않고 편안하게 예식을 기다릴 수 있었습니다.**식전, 식후 식사 공간의 분리**2층에서는 식전 식사를, 3층에서는 식후 식사를 하도록 공간이 분리되어 있어 하객들이 이동하면서 더 여유롭게 식사를 즐길 수 있습니다. 층이 높아서 이동이 불편할 수 있어도 동선과 복잡도를 최소화한것이 맘에 들었습니다.**신부대기실과 가족 공간**5층에는 신부대기실과 홀, 그리고 6층에는 폐백실이 있고, 폐백실은 가족 대기실로 변경 예정이라 했습니다. 신부 대기실도 매우 크고, 화장실 및 개인 공간이 있어 신부의 부담이 줄어들듯합니다**고급스럽고 웅장한 세리머니 홀**홀 자체는 채플 스타일로 층고도 높고 웅장한 분위기로 고급스러운 점이 좋았습니다. 예신도 홀을 보자마자 홀딱 반했네요..ㅎㅎ 그리고 천장이 베이지톤으로 리모델링 예정이라고 해서 더욱 깔끔해지길 바라고 있습니다. 하객들이 앉을 공간도 넉넉하고 음향 시스템도 적절했던것 같습니다.**풍성한 플라워 장식**또한, 1층부터 5층까지 시즌에 맞춘 플로리스트의 센터피스가 세팅되어 있어 홀을 더욱 화사하게 만들어 주었습니다. 예신이 꽃을 추가하고 싶은 마음이 많았는데, 추가가 필요없이 화사하게 잘 꾸며놓아서 좋았습니다. 꽃 장식이 풍성해서 정말 마음에 들었습니다.**교통과 주차**주차 공간은 매우 넓은건 아니지만 자차 손님이 많지 않을 것으로 예상되시는 분들은 문제없을 듯합니다. 인근 건물들과 협약이 되어 있어서 걱정이 없었어요. 그리고 지하철 9호선 봉은사역에서 도보 3분 거리라 접근성도 좋았습니다.**결론**전반적으로 홀도 이쁘고 시설도 좋고 꽃장식과 서비스 등이 만족스러운 베뉴였습니다. 가격은 타 베뉴대비 저렴하다고 할 수는 없지만, 가성비 베뉴를 원하던 저와 예신의 맘을 돌려놓을 정도로 홀이 이뻤습니다.",
당진 설악웨딩타운,23,,,,,당진에서 예쁜 홀,"아쉬운 점 혹은 걱정되는 점: 주차 환경이 좋지 않음, 대관료가 비쌈, 일부 시설이 협소함.",
더 베뉴지 서울,24,200.0,7000000,65000.0,"견적받은 할인가 식대, 대관료 그 외 기타 비용운영진에게 공개","예쁜 홀, 대중교통 편의, 합리적 가격, 고객 응대, 신부 대기","아쉬운 점 혹은 걱정되는 점아쉬운 점은 피로연장에 홀 별로 구분은 잘 되어있지만, 하객들이 몰리면 좀 정신이 없거나 섞이지는 않을까? 하는 우려는 조금 있었습니다. 그리고 아트홀 피로연장쪽은 홀 컨셉에 따라서 세팅을 한 것 같은데 인테리어가 좀 어두운 느낌..?이 살짝 들어요ㅎㅎㅎ 하지만 크게 걱정할 부분은 아니라고 생각해서 바로 계약했습니다!",
더 세인트 신도림,25,300.0,26000000,110000.0,"견적받은 할인가 식대, 대관료 그 외 기타 비용 -운영진공개","대중교통 편의, 주차장","아쉬운 점 혹은 걱정되는 점계약 당시에 생각했던 부분과 막상 식 직전이 되니 고려되는 사항이 달라 걱정되는 부분이 생길 수 밖에 없는듯 합니다.뷔페가 아니고 동시예식이기 때문에 당일날 식권 관련 문제나, 코스요리 서빙하는 서버의 숙련도에 대한 문제가 식 직전이라 걱정이 되는 부분은 있습니다. 아무래도 매끄러운 식 운영능력이 결혼식 당일의 분위기를 좌지우지하기 때문에신생홀에서 매끄럽게 진행이 가능할까 걱정이 되기는 합니다. 하지만, 그동안 큰 잡음은 없이 운영되고 있기 때문에 홀 운영을 최대한 믿고 진행해야 할 듯 합니다.",
더 세인트 신도림,25,,,,,"동시예식, 고급 식사, 주차 편의성, 백화점 연결성",,
더 컨벤션 송파문정,26,,,,,"탁 트인 홀 내부, 넓은 신부 대기실, 플라워 장식,단독 홀",아쉬운 점 혹은 걱정되는 점: 피크 시간대 내부 주차장 혼잡,
더 컨벤션 영등포,27,280.0,8700000,84000.0,"견적받은 할인가 식대, 대관료 그 외 기타 비용 대관료 810, 식대 81,000원",,"아쉬운 점 혹은 걱정되는 점 : 비용대비 돈쓴느낌이 안날 것 같았어요.층고가 낮고 버진로드가 22m로 길지않는데도 불구 뒤에 하객들이 서 있는 는곳이 좁았어요. 상담하시는 분께서 '웨딩은 회전이다'라고 강조하시면서, 사람들이 드나드는거라 식장이던 연회장이던 자리가 부족하지 않다라고 말씀하셨어요 . ( 그래서 안함)",
더 파티움 안양,28,,,,,"편리한 교통, 분위기가 전혀 다른 홀 2개, 분리된 연회장과 뷔페",아쉬운 점 혹은 걱정되는 점: 24년 1월 당시 계약 시 조감도가 나오지 않아 결과에 대한 불안감이 있었음,
더라움 체임버홀,29,250.0,30000000,124000.0,"견적받은 할인가 식대, 대관료 그 외 기타 비용 :식대: 5% 할인꽃: 할인 없음웰컴리셉션,가든 연출: 라움 제공할인 후 5천만원 중반대",예쁜 홀,아쉬운 점 혹은 걱정되는 점 : 버진로드가 조금 짧은 느낌입니다. 신부대기실 역광.,
더리버사이드호텔 노벨라홀,30,250.0,7000000,85000.0,"견적받은 할인가 식대, 대관료 그 외 기타 비용",,"아쉬운 점 혹은 걱정되는 점 : (필독해주세요)해당 결혼식장 예약을 24년 6월에 하였습니다.그런데 한날 보도된 내용은 사실이 아니라는 결혼식장 업체 측의 문자를 수신하였습니다. (24년 9월초)---> 해서 무슨일인지 찾아보니,서울시 측에서 재건축 관련 기사 보도를 하였는데, 올 하반기(24년) 계획안 확정해 내년(25년) 공사를 착수한다는 내용이였습니다. (아래 기사 참고하세요)https://search.naver.com/p/crd/rd?m=1&px=1035&py=463&sx=1035&sy=463&vw=2410&vh=1175&p=iwUYilqVN8Cssig%2FkLGssssstJV-452017&q=%EB%A6%AC%EB%B2%84%EC%82%AC%EC%9D%B4%EB%93%9C+%EC%9E%AC%EA%B1%B4%EC%B6%95&ie=utf8&rev=1&ssc=tab.nx.all&f=nexearch&w=nexearch&s=2MsXSRJ%2Fx12R2pqC3PSPqQ%3D%3D&time=1728442218015&abt=%5B%7B%22eid%22%3A%22SHP-MYBLOCK%22%2C%22vid%22%3A%224%22%7D%2C%7B%22eid%22%3A%22SHP-SUPER-ITEM%22%2C%22vid%22%3A%2251%22%7D%5D&a=nws_all*h.body&r=2&i=880000ED_000000000000000003856125&g=023.0003856125&u=https%3A%2F%2Fwww.chosun.com%2Fnational%2Fnational_general%2F2024%2F09%2F02%2FDGRTBCOKL5A4ZNGSOQ6THGACII%2F%3Futm_source%3Dnaver%26utm_medium%3Dreferral%26utm_campaign%3Dnaver-news&cr=1강남 더리버사이드호텔, 47층 호텔·오피스텔 건물로 재건축강남 더리버사이드호텔, 47층 호텔·오피스텔 건물로 재건축 올 하반기 계획안 확정해 내년 공사 시작, 2028년 완공 목표search.naver.com일단 어떻게 기존 예약 고객에서 예약 과정에서 해당 재건축 내용 관련 일절 언급 없었다는 점,이렇게 서울시에서 보도가 난 이후 알아보니, 호텔입장은 실제 내년에도 계속 영업을 할 것이며 공사가 내년에는 삽을 뜨지 않을 것이다 라고 했습니다.그러나, 지자체의 입장은 보도가 나간 그대로 였습니다. 하반기 계획안 확정하여 내년 공사를 착수한다는 점 입니다.호텔측과 지자체의 의견이 달라 호텔측에 그럼 정정보도를 내줄 수 있냐고 물었으나, 불가하다는 답변을 받았습니다.(그럼 고객 입장에서 뭘 믿으라는건지.. 내년에 예식때 공사판이면 어찌 처리해야할까요)계속 문의해보아도 내년까지는 영업할거라는 답변만 늘어놓기에 정정보도도 불가한데 지자체의 입장은 내년 공사 착수가 맞다.그런데 내년 예약 고객들에게 이러한 점을 사전고지도 안한게 말이 되냐고 하였으며, 내년에 공사판에서 결혼할 리스크를 유지하며 계약을 이어나갈 수 없고, 계약 취소를 요청하였습니다.(마음에 드는 다른 결혼식장도 있었는데, 대로 앞이 공사 진행 중이라 포기했어요)이후 고객 변심으로 인한 계약 취소라 계약금의 10%는 공제될 것이라고 하였으며 귀책 사유가 호텔측이 아니냐, 그런데도 취소 위약금을 제가 지불해야하는지에 대한 논쟁이 오가다가,소비자원에 신고할거면 신고하라는 서비스를 제공하더군요ㅎㅎ. 이외에도 해당 상황을 자세히 고객에게 설명하지는 않고 계속 내년에도 영업할거라 문제 없다는 답변만 하였습니다.(그런데 정정보도는 왜 안되는지...?)따라서, 취소 의사를 밝혔고, 소비자원에도 현재 조정 신청 중에 있습니다.해당 결혼식장에서 내년 예약하실 분은 위 사항 꼭 참고하세요. 기분 좋은날, 한번뿐인 예식인데 공사판에서 결혼할 수는 없잖아요~결혼 준비에 도움 많이 받은 카페의 분들께 공유드립니다.",
더링크호텔,31,250.0,25000000,120000.0,"견적받은 할인가 식대, 대관료 그 외 기타 비용 : 1000후반",,"아쉬운 점 혹은 걱정되는 점 : 상담이 매우 불친절, 식 자체가 공장형인 느낌, 주차가 매우 불편, 신부대기실이 각 홀과 잘 매칭되지 않다는 느낌",
더링크호텔,31,250.0,25000000,130000.0,"견적받은 할인가 식대, 대관료 그 외 기타 비용 : 950만원, 85천원",,아쉬운 점 혹은 걱정되는 점 : 9번 작성,
더링크호텔,31,300.0,,130000.0,"견적받은 할인가 식대, 대관료 그 외 기타 비용식대 9.2 / 대관료 1100","단독 홀, 주차장, 예쁜 홀","아쉬운 점 혹은 걱정되는 점주차 , 애매한 위치",
더링크호텔,31,,,,,"예쁜 홀, 맛있는 식사","아쉬운 점 혹은 걱정되는 점: 주차 공간 부족 가능성, 위치 문제, 가격 부담",
더링크호텔,31,,,,,"어두운 홀, 플라자홀, 주차 문제","아쉬운 점 혹은 걱정되는 점: 주차 문제: 완공 후 주차 용량 부족 예상, 객실 완공 전 상태로 주차 관련 불만이 다수 존재",
더링크호텔 베일리홀,31,300.0,25000000,130000.0,"견적받은 할인가 식대, 대관료 그 외 기타 비용 : 1200만원, 92천원",,"아쉬운 점 혹은 걱정되는 점강경 밝은 홀파여서 밝은 홀 예식장을 엄청 찾았고 그 중 더링크로 첫 상담을 오게되었어요. 더링크에는 밝은홀이 베일리, 화이트, 가든 이렇게 3군데가 있는데 화이트 홀 빼고 베일리와 가든만 보았습니다. 베일리홀은 딱 들어가자마자 그린과 화이트 컬러 조합으로 깔끔하고 정말 꿈꾸던 하우스 웨딩이였어요. 조명도 너무 이쁘고 분수대도 너무 좋았습니다. 이에 반해 가든홀은 핑크, 코랄, 퍼플, 화이트 ,그린 등의 꽃 조합으로 조금 은 더 화려한 모습이였어요. 디즈니가 떠오르는 분위기랄까.. 그리고 마치 새장과 같은 느낌으로 정말 공주 풍의 결혼이 가능할 것 같았습니다. 각 홀별로 식당이 마련되어 있는 것도 좋았고 로비와 신부대기실이 넓은 것도 너무 좋았습니다.특히 가든 홀의 경우 신부대기실에 커튼이 있어서 연출 컷 촬영도 가능하다고 하더라구요. 또한 신부대기실 내부에 화장실이 마련되어 있고 화장실도 굉장히 넓었습니다. 화장실 사용하기에도 너무 편할 것 같았어요. 두 곳 중 저는 베일리 홀로 선택 후 견적을 받았습니다.베일리홀은 계단 입장, 정문입장 모두 가능하고 플라워샤워도 1회로 포함되어 있엇지만 당일 계약 혜택은 없고 호텔 앞 차량에서 내리는 장면 촬영은 불가했어요. 로비가 넓고 포토부스가 설치되어 있지만 동선에 방해되지 않았고 같은 층에 한복샵이랑 헤어/메이크업 샵이 있어서 이 부분도 좋았습니다. 한복샵 내부도 둘러보았는데 정말 한복 종류도 많아서 아마 추 후 계약을 한다면 한복도 여기서 하지 않을까 싶었어요. 저희는 11월과 12월 예식을 고려중이라 11월 날짜로는 계약하지 않았고 조금 더 알아본 후 하게 된다면 12월로 계약할 것 같습니다.어두운 홀도 너무 이쁘고 좋았지만 결국 밝은 홀이였네요 ㅎ.ㅎ",
더링크호텔 플라자홀,32,250.0,22000000,98000.0,"견적받은 할인가 식대, 대관료 그 외 기타 비용할인 식대 8.3 대관료(토탈)1천5백",,아쉬운 점 혹은 걱정되는 점: 홀은 이뻐 아쉽지만 어두운 홀이였던 점과 날짜가 완벽히 마음에 들지 않아다른곳 선택,
더링크호텔 플라자홀,32,,,,,"주차 문제, 고급스러운 분위기, 밝은 홀",아쉬운 점 혹은 걱정되는 점: 주차 문제가 걱정됨. 하객들에게 불편을 주고 싶지 않음.,
더메리든,33,,,,,"밝은 홀, 성남 지역, 하우스웨딩홀 스타일, 서현역 도보 접근성 좋음, 저녁 웨딩으로 주차 및 대중교통 편의, 2차 후속모임 하기 좋은 주변 시설이 있음, 한상 차림으로 제공되는 음식, 음식 리필 가능, 하객 동선 깔끔","아쉬운 점 혹은 걱정되는 점: 계약 당시 조감도만 보고 결정해야 해서 걱정, 1층 CGV로 인해 하객과 손님이 많은 공간에서 혼잡할 것 같음, 수용인원에 대한 우려.",
더베네치아 송파 잠실 ,34,,,,,"교통 편리, 주차 가능, 가성비, 메이크업 서비스","아쉬운 점 혹은 걱정되는 점: 시식 후 식사는 맛있었으나, 헤어 메이크업 후기가 걱정됨.",
더베일리 하우스,35,180.0,8800000,88000.0,"견적받은 할인가 식대, 대관료 그 외 기타 비용할인x",,아쉬운 점 혹은 걱정되는 점저에게는 좀 작은 느낌의 홀이여서 안하게 됐습니다.,
더세인트,36,300.0,10000000,110000.0,15500000,"예쁜 홀, 식 간격, 대중교통 편의, 넓은 홀","아쉬운 점 혹은 걱정되는 점걱정되는 점은,,, 아직 신생홀이라 너무 어수선한듯 해요..ㅠㅠㅠ 체계가 잘 안잡혀있어서 제 예식 날 어떤 일이 생길지 ,,, 모른다는 점,,,,ㅠㅠㅠ또 서버를 어린 친구들이 해서 많이 부족하다는 얘기도 나오구요,,,ㅜㅜ이런 점은 더세인트에 충분히 전달을 해서 잘 풀어나가 보려구요!",
더세인트,36,300.0,10000000,110000.0,"15,500,000","단독 홀, 주차장, 예쁜 홀, 홀 제공 음식, 대중교통 편의",아쉬운 점 혹은 걱정되는 점 : 신도림 현대백화점 폐업,
더세인트,36,250.0,10000000,130000.0,"견적받은 할인가 식대, 대관료 그 외 기타 비용 : 운영진 공개","예쁜 홀, 식 간격, 대중교통 편의, 주차장","아쉬운 점 혹은 걱정되는 점 : 식사 서빙 미숙, 인근 백화점 폐업(공사)",
더세인트,36,300.0,26000000,110000.0,"견적받은 할인가 식대, 대관료 그 외 기타 비용 -운영진공개","합리적 가격, 고객 응대",아쉬운 점 혹은 걱정되는 점결혼식 초반 견적 문의 시기에는 가볍게 생각했던 부분이 식 직전에는 크게 다가올 수 있는 듯 합니다. 동시예식 같은 경우에는 보증인원이나 식대 지불 방법에 대해 꼼꼼하게 한 번 더 체크해보는게 좋을 듯 하고요. 뷔페가 아니다보니 아무래도 신경써야 하는 부분이 더 있는 듯 합니다.,
더세인트,36,,,,,"신도림역, 유럽풍 인테리어, 합리적 가격","아쉬운 점 혹은 걱정되는 점: 예약이 빠르게 차고, 웨딩홀 내부 조명이 부족할 수 있습니다.",
더세인트 그랜드볼룸홀,36,300.0,27000000,130000.0,"견적받은 할인가 식대, 대관료 그 외 기타 비용78,000원, 대관료 및 꽃장식 900만원, 기타 50만원비수기인 6월말, 11:30 타임을 봤습니다.","생화 장식, 고객 응대, 신부 대기","아쉬운 점 혹은 걱정되는 점계약 후 취소한 이유:저희는 300명 기준인데, 해당 그랜드볼룸의 최대 인원은 300명으로, 결국에 식 당일날 최대로 앉을 수 있는 하객은 280-290명이라 하였습니다. 그러면 나머지 인원은 서브홀로 가야하는데, 서브홀은 내년부터 한식+반찬뷔페 의 형식으로 이용하게 되는게 조금 걸렸습니다.(식사의 형식이 상이한것 + 일부만 서브홀로 보내야하는것)250명 정도 하객에게 적당한 홀이라고 느꼈습니다.아울러 동시예식인데 식권을 보여줘야 입장하는것도 하객입장에서 좀 불편하다고 느꼈고,축의대가 양가 붙어있어서 혼주 인사나 등이 좀 몰려있어서 혼잡하다고 느꼈습니다.이후에 해당 예식장 하객으로 참석한 사람들 얘기 들어봤을때 신생홀이라 음식 서버들이 전반적으로 서빙실력이 미흡하다고도 들었고 (음식을 몇명은 까먹고 안가져다줌, 알바생들 느낌으로 서빙이 익숙치 않아보임 등) 뚜벅이로서 신도림역에서 더세인트로 올라가는게 헷갈려서 헤매는 경우가 많다고 들었습니다.계약한뒤 몇주 뒤 취소하게 되었는데, 취소하게 된 이유는 결국 신도림의 교통복잡함, 서브홀 이슈, 그리고 하객후기 였습니다. ㅠ 그렇지만 홀 자체는 저랑 예랑이 마음에 제일 든 베뉴이기 때문에 아직까지도 미련이 조금 남아 있습니다 ㅠㅠ",
더세인트 그랜드볼룸홀,36,,,,,"더세인트, 신도림, 화려한홀","아쉬운 점 혹은 걱정되는 점: 웨딩홀 입구 찾기 어려움, 현대백화점 철수 후 변화 우려, 엘리베이터 이용의 혼란 가능성, 부모님의 뷔페 선호로 인해 고민 중.",
더세인트 파노라마홀,37,200.0,15000000,95000.0,"견적받은 할인가 식대, 대관료 그 외 기타 비용: 운영진공개",예쁜 홀,아쉬운 점 혹은 걱정되는 점 : 적은 착석인원,
더채플앳 논현,38,200.0,11000000,110000.0,"견적받은 할인가 식대, 대관료 그 외 기타 비용식대 68400원 / 대관료 477400원","예쁜 홀, 식 간격, 신부 대기","아쉬운 점 혹은 걱정되는 점주말 강남은 주차가 극악이라는데 그점,, 그래도 채플앳에서 내부외부 주차로 잘 해줄거라 생각해요",
더채플앳 논현 라메르홀,38,250.0,11000000,110000.0,"견적받은 할인가 식대, 대관료 그 외 기타 비용80,300원 / 7,590,000원 (스마트예약으로 검색되는 가격 그대로 진행했습니다)","대중교통 편의, 예쁜 홀, 주차장","아쉬운 점 혹은 걱정되는 점건물 내부 주차가 150석 정도로 협소하다 보니 이 점이 사실 가장 아쉬운데, 발렛 주차가 지원되는 것이 단점을 어느정도 상쇄시켜 줄 거라 생각하고 있습니다..^^;",
더채플앳 논현 라포레홀,38,,,,,"웅장한 홀, 발렛파킹, 고급스러운 대기실, 혼주 공간, 주차 문제","아쉬운 점 혹은 걱정되는 점: 1. 주차 문제: 친척들이 지방에서 대절 버스를 이용해 오는 경우 주차 공간 부족 우려
2. 만차 시 외부 주차장 이용 시 불편할 수 있음",
더채플앳 논현 라포레홀,38,330.0,11000000,110000.0,"견적받은 할인가 식대, 대관료 그 외 기타 비용 식대 104500원 대관료 980만원",,"아쉬운 점 혹은 걱정되는 점밝은 홀을 찾고 있었기에 지인에게 추천을 받아 다녀왔습니다.무난한 웨딩으로 유명한 더채플앳청담, 아펠가모와(밥펠가모)같은 계열의 회사인지라 무난한 곳이라 생각하며 갔습니다.더채플앳 논현에는 2개의 홀이 있고, 부페식이라서 식이 끝나면 아래층에 가서 밥을 먹는 형태입니다.주차가 꽤나 편해보였습니다. 그런데 시간은 조금 빡빡하겠다는 생각이 들었고, 식장내 주차장이 꽉 차면 다른 건물에 발렛해야하는 구조라서 이해하기가 복잡하긴 했습니다. 전에 더채플앳청담에 갔을때 주차때문에 애를 많이 먹어서 딱히 주차는 기대하지 않았습니다.라포레홀은 확실히 특이하기도 하고 채광이 좋았습니다. 다만 보증인원에 비교하면 터무니 없이 적은 좌석이 신경쓰이더군요.사람들은 뒤에서 서서 구경하고 하긴 했지만 그래서인가 어수선한 분위기이긴했습니다.분위기도 독보적이고 좋았지만, 계단에서 내려오는 신부 입장이 부담스러우시거나 걷기 불편해서 꺼려지는 분들도 있을 것 같아요.신부대기실도 채광이 좋고 다른데와 비교되게 이뻤습니다. 다만, 식이 하루에 6개씩 있는 홀이다보니, 신부대기실이 두개씩있어서 앞팀신부 뒷타임신부 나누고, 앞에 팀이 빠지면 채우고 하는 매우 빡빡하고 공장식인 느낌이 많이 있습니다. 식을 보고 내려가면 식당이 있는데 디저트류가 괜찮아보였습니다.아무래도 어수선한 결혼식장 처럼 느껴져서 선택하진 않았습니다. 합리적인 가격에 크게 신경쓸것이 많지 않은 편하게 진행이 가능한 결혼식장 같습니다.",
더컨벤션 송파문정 그랜드블룸홀,39,270.0,10000000,95000.0,"견적받은 할인가 식대, 대관료 그 외 기타 비용 - 식대 69,000원, 대관료 및 기타 사용료 6,300,000원","대중교통 편의, 홀 제공 음식, 넓은 홀, 예쁜 홀","아쉬운 점 혹은 걱정되는 점- 일요일은 70분 간격이라고 하니.. (일요일이 비인기날인데 왜 식간격을 더 짧게 하는지 모르겠어요;) 혹시라도 짧은 식간격 때문에 하객들이 밥을 다 먹기도 전에 다음 타임 하객이 들이닥칠가봐 그게 가장 큰 걱정입니다. 그래도 이정도 육각형베뉴 찾기는 힘들고 모든 조건을 만족할 순 없다고 생각했습니다- 상담 예약이 정말 치열합니다. 8월초에 전화하니8월 상담예약은 이미 마감되었고, 9월 오픈을 위해선 언제인지 모르지만 8월 말에 열릴 예약일에 맞춰 전화를 줘야한다고 했습니다. 그래서 8월 중순부터 매일 전화해서 9월 오픈일 맞춰 전화해서 상담예약잡고, 오픈일에 가서 바로 계약했습니다. 일년 단위로 바로바로 마감되는 홀 같습니다.",
더컨벤션 신사,40,200.0,15400000,120000.0,"견적받은 할인가 식대, 대관료 그 외 기타 비용 대관료7,500,000..식대860,000",,아쉬운 점 혹은 걱정되는 점 아쉬운점은 식대 1000원도 할인이 안되는 점ㅠ,
더컨벤션 영등포,41,,9600000,96000.0,"견적받은 할인가 식대, 대관료 그 외 기타 비용대관비 850만원 / 식대 84000포함사항 : 컨시어지, 혼구용품, 전문사회자, 피아노4중주, 본식사진(원판+스냅)서비스 : 포토테이블, 플라워샤워","식 간격, 홀 제공 음식, 단독 홀, 생화 장식, 대중교통 편의, 고객 응대","아쉬운 점 혹은 걱정되는 점-웨딩홀 상담 때 가보니 주차가 너무 불편했음 주차할 곳이 나눠져 있다고 하지만 주말에 가니너무 복잡해서 안내받기는데도 시간이 꽤 걸렸음 ( 공영주차장, 삼성생명 건물 주차 가능하다고 안내받음)-1층 그랜드볼룸홀 로비는 1층에서 문열고 들어오면 바로 보여서 로비가 굉장히 복잡한 느낌-2층 다이너스티홀은 포토테이블이 너무 작았음 ㅠㅠ-엘리베이터가 2개만 있어서 홀은 계단으로 걸어올수 있으니 연회장 이동(3층. 5층)이 오래 걸렸음(신부신랑 이동 엘리베이터는 따로 있어서 그건 편했어요)",
더컨벤션 영등포,42,250.0,8500000,83000.0,"견적받은 할인가 식대, 대관료 그 외 기타 비용대관료: 520만원대인: 60,000원소인: 38,000원",,"아쉬운 점 혹은 걱정되는 점1층 그랜드 볼룸홀이 너무 예쁘고 제 스타일이라서 많이 흔들렸는데요,, 결론은 계약하지 않았습니다.그 이유로는 주차였는데요. 저희는 상담 예약 주차장을 이용하지 않고 하객 주차장을 이용하였는데요주차에만 20분 이상 소요되서 저만 먼저 상담실로 올라가고 예랑이는 주차를 마치고 상담에 참여하게 되었습니다.음식, 위치 등등은 너무 괜찮다는 얘기를 많이 들었지만 주차 부분에서는 예랑이가 너무 힘들었다고 하여 계약하지 않았습니다!주차 이외 더블 역세권인 점과 그에 비해서는 견적대가 나름 합리적이라 생각이 들고밥 맛있는거는 너무나도 유명해서 왜 다들 더컨벤션에서 진행하는지는 알겠더라구요~",
더컨벤션 영등포 그랜드볼룸홀,42,230.0,9600000,96000.0,"견적받은 할인가 식대, 대관료 그 외 기타 비용 :대관비 620만원 / 식대 6만 8천원포토테이블, 플라워샤워, 사회자, 본식스냅+원판,(40p), 피아노 4중주 등 모두 포함 / 프리드링크","합리적 가격, 대중교통 편의, 식 간격, 예쁜 홀, 홀 제공 음식","아쉬운 점 혹은 걱정되는 점더컨벤션 영등포점의 아쉬운 점으로 대부분 주차를 말씀하시더라구요. 건물 지하에 주차는 100대밖에 가능하지 않지만 바로 앞에 공영주차장을 2시간 사용 가능한데 저는 하객으로 왔을때 오히려 바로 앞 공영주차장이라 좋았어요. 따로 엘리베이터를 이용하지 않아도 되고 정말 바로 앞이거든요.바로 앞 공영주차장 말고도 옆 건물 주차장까지 확보 했다고 하셨고 앞에서 안내요원들이 잘 안내해주시니 주차 걱정은 없습니다.2F 홀은 연회장이 3F이라 바로 계단으로 올라갈 수 있지만 1F 홀은 연회장이 5F이라 엘리베이터를 이용해야하더라구요. 엘리베이터가 2대지만 제가 하객으로 방문했을때도 다른 지인들도 크게 불편함을 느끼지 않아서 이 부분은 크게 신경쓰지 않으려구요.다른 분들 리뷰로 많이 봤는데 직접 웰컴 다과를 받으니 기분 되게 좋았어요!다른 웨딩홀 상담받고 와서 지치기도 하고 다른 웨딩홀에선 못받은 예쁜 간식들 ㅎㅎ상담원 분도 엄청 친절해서 기분 좋았어요~ 확실히 베뉴마다 상담원분들 느낌이 정말 달라요.콧대 높은 느낌? 당당한 분들도 있고 편하게 수다떨듯이 상담해주는 분들도 있구요,,이게 홀에 대한 느낌과 선택에 영향을 주기도 하더라구요▲ 여기는 2F 다이너스티 홀이에요2층 홀은 3층 연회장으로 이동하기도 좋고 1층이 아니라서 혼잡함이 덜 하다는 장점.하지만 신랑신부가 서있는 벽면에 커튼 색이 올드하다는 느낌이 들고 식간격이 70분이라 패스했어요.천장 높이도 1층은 6m 2층은 5m입니다.홀 바깥쪽 공간도 아주 넓어서 마음에 들었어요.이 곳 공간이 좁은 곳에서는 사람에 치여 힘들더라구요.신부대기실도 아주 넓고 예뻤습니다여기는 1F 그랜드볼룸홀 사진입니다.왼쪽은 조명을 켰을 때/ 오른쪽은 조명 껐을때확실히 많이 어둡긴 하지만 그만큼 더 집중되고 고급스러운 홀이라 아주 만족합니다!",
더컨벤션 잠실,43,300.0,10000000,90000.0,"견적받은 할인가 식대, 대관료 그 외 기타 비용대관료 700만원대 식대 8만원대",,"아쉬운 점 혹은 걱정되는 점주말 잠실이 붐빌것으로 예상되고,3개 홀에서 예식이 진행돼 많이 혼잡할꺼 같았어요",
더컨벤션 잠실 비스타홀,43,180.0,,80000.0,"견적받은 할인가 식대, 대관료 그 외 기타 비용- 외부유출 금지","대중교통 편의, 주차장, 홀 제공 음식","아쉬운 점 혹은 걱정되는 점- 입장하는 문이 따로 없이 오픈형이라 어수선할까봐 걱정인데또 한편으로는 신부입장 대기하면서 어머님들 화촉점화, 신랑입장 모두 지켜볼 수 있어서 좋을것 같기도 함",
더클래스 청담,44,,,,,"위치, 예쁜 홀, 넓은 신부 대기실, 주차, 맛있는 음식",아쉬운 점 혹은 걱정되는 점: 협소한 공간이라 계약 체결하지 않았고 일부 공간이 분리된 점이 마음에 걸렸습니다. 공간이 좁고 층고가 낮아 아쉬웠습니다. 주차가 협소하고 발렛비가 발생한다는 점도 단점으로 느껴졌습니다,
더테라스,45,,,,,"교통 및 주차 편리, 식대, 단독홀, 야외",,
더파티움 안양 7층,46,200.0,16000000,95000.0,"대관료 7,380,000원 / 대인식대 74,500원 (소인 42,000원 보증인원 미포함)   -> 지인소개로 대관료 10만원 할인, 계약 후 블로그후기쓰면 10만원 더 할인됨","이 안양이기도 하고, 더파티움 안양이 신상 웨딩홀이라 깔끔한 시설 + 평촌역 바로 앞이라는 장점이 있어서 안양에서는 육각형 웨딩홀이라 나무랄 데가 없었어서 당일계약했었어요! 서울 강남권은 27년 1월 견적이 안뜨는바람에 바음이 급해져서 더파티움 안양 견적이 나오자 마자 방문상담하고 계약했는데, 계약하고 나서도 계속 채플홀들이 눈에 아른거려서 결국 계약은 취소했습니다.  ​  현장계약혜택이 좀 쎄서 당일계약보단 현장계약으로 투어시 마지막으로 잡으시는게 좋아요   혜택으로 좋은점은 5층 브리에홀 계약시, 하객 웰컴티바 무료 (엘베앞에 상시운영함), 입점업체에서 혼주한복 진행시 할인혜택, 본식스냅 서비스(연계업체, 선택사항으로 미진행시 타 스냅업체 진행은 가능하지만 원판은 필수로 연계업체에서 진행해야함.) 이정도 서비스들이 있었던 것 같아요-  ​  5층 브리에홀은 신부대기실이 엄청 넓고 로비도 진짜 넓어서 하객들끼리 북적이거나 불편함이 없어요  (토요일,일요일 두번 다 암행투어 갔었는데 불편함 1도 없었어요 -)  ​  혼주 한복, 헤메샵이 모두 입점되어있어서 당일 혼주분들 동선이 편리해보였어요.   밥이 맛있기로 유명하기도 하고 주차도 1200대 가능하다고 했습니다 (본건물 이외 외부 주차장 3곳)  하객후기론은 주차장들이 다 주변 상가들과 공유하는 주차장이다보니 빡셌다는 후기도 더러 있긴했는데 직접 가봤을땐 주차 편했어요","취소 위약금이 계약일기준 30일이내 40만원, 60일이내 80만원이라서 30일 넘기 전에 후다닥 취소했어요 ㅠㅠ  1. 계약하고 보니 홀이 너무나도 화려해서 몇년 뒤 돌아보면 질릴것 같은 점  2. 채플홀이 원래 제 로망인데 포기하지 못하겠는 점  3. 비수기인걸 감안하면,, 생각보다는 비싼 견적  4. 연계업체와 원판 진행 필수(대관료에 포함)  모든 계약이 그런진 모르겠지만 연계된 본식스냅에서 원판이 필수에요....   돈을 주고 다른 스냅을 계약하더라도 원판만큼은 연계업체에서 해야한다고 하는데 원판 관련해서는 지금까지 후기가 그닥? 좋지 않더라구요.. 27년도에는 후기가 좋지 않은 업체는 아닌 듯 하나 사진이 중요한 저에게는 조금 단점이 되었습니다.  ​  ​",
더파티움 안양 7층,46,200.0,7500000,73000.0,"견적받은 할인가 식대, 대관료 그 외 기타 비용식비 59,000원 대관료 380만원혼주 메이크업 추가시 비용 남-55,000 여-165,000",예쁜 홀,아쉬운 점 혹은 걱정되는 점조감도만 보고 선택해야하는 위험을 감수 하면서 저렴하다고 해서 예약했는데최근 예약하신 분들을 봐도 비용이 비슷한거 같아 아쉽습니다.경기도+비수기 치고는 비싼 식비라고 생각되지만.. 점심시간대에 꼭 하고 싶어서 타협하고 했습니다.,
더파티움 여의도 그랜드컨벤션홀,47,200.0,11000000,82500.0,"견적받은 할인가 식대, 대관료 그 외 기타 비용 : 59,000원 / 대관료 560 만원","넓은 홀, 대형 스크린, 예쁜 홀, 주차장","아쉬운 점 혹은 걱정되는 점 :한상차림에 대한 호불호가 좀 있는 편이라.. 선택에 참고하시면 좋을 것 같아요.로비에 신랑,신부측 축의대가 붙어있어서 혼주 입장에선 좀 불편할 수도 있을 것 같았고, 주차지원이 90분인점도 좀 아쉬웠습니다.신랑입장을 버진로드가 아닌 무대 중앙이 열리고 나오는거라 불호이신분들도 있다고합니다.",
더파티움 여의도 파티움홀,48,250.0,1103000,82500.0,"견적받은 할인가 식대, 대관료 그 외 기타 비용식대 대인 : 74,100원 / 소인 & 음료주류 등 SVC대관료(꽃장식+스냅 포함) : 821만원※ 홀연계 스냅 필수임... 9월 성수기 토요일이고 14:50타임까지는 필수라고 했음","예쁜 홀, 대중교통 편의, 합리적 가격, 고객 응대, 신부 대기","아쉬운 점 혹은 걱정되는 점1) 하객 주차시간이 90분 무료, 이후 10분당 1,000원 ... 하객이 몇천원정도 부담할 수도 있을 것 같음2) 파티움홀은 생각보다 넓지 않아서 하객이 많을 경우 입구가 좀 혼잡할 수도 있을 것 같음! 하지만 로비가 넓고 실시간 영상 송출해줘서 오케이3) 버진로드가 길지 않기때문에 긴장하지 말고 천천~히 입장해야 할듯!",
더파티움 여의도 파티움홀,48,300.0,6500000,88000.0,"견적받은 할인가 식대, 대관료 그 외 기타 비용78,100원 / 대관료, 플라워, 원판스냅 합산 913만원",,"아쉬운 점 혹은 걱정되는 점플라워 랩핑 서비스 없음, 보증인원 하향 어려움",
더플라자 지스텀하우스,49,250.0,2000000,160000.0,22000000,,아쉬운 점 혹은 걱정되는 점지스텀하우스 장점은 딱 야외 시청이 보이는뷰 및 2부떄 커튼 걷으면 밝다는것이 젤 장점이죠!!친구 결혼식 하객으로 갔었는데 너무 이뻤습니다신부대기실도 밝고 이뻤어요.또 시청역 연결된것도 교통부문에선 만점입니다.다만 지스텀하우스 메인홀 180명까지고 나머지는 서브홀을 써야한다는것이 젤단점입니다180명을 짜르기가 힘들었습니다. 누구는 서브홀 누구는 메인홀 하면 섭섭해할 것같기도하고 실제로 결혼한 친구도 그부분이 젤 어려웠다고 했습니다또한 서브홀 써도max 220 밖에 안된다는 것이 단점이었습니다 최종 계약은 안했어요그랜드볼룸도 봤는데 더플라자는 지스텀하우스 아니면 큰 의미없어보여서 고려안했습니다.,
더플라자 지스텀하우스,49,250.0,66000000,,"견적받은 할인가 식대, 대관료 그 외 기타 비용3월에 하면 600만원 할인 있었습니다. (위가격은 4.5.6.가격)식대나 대관료 할인등의 세부내역 없이 총 금액에서 600만원 할인이라고 했습니다!",,아쉬운 점 혹은 걱정되는 점지스텀하우스 장점은 딱 야외 시청이 보이는뷰 및 2부떄 커튼 걷으면 밝다는것이 젤 장점이죠!!친구 결혼식 하객으로 갔었는데 너무 이뻤습니다신부대기실도 밝고 이뻤어요.또 시청역 연결된것도 교통부문에선 만점입니다.다만 지스텀하우스 메인홀 180명까지고 나머지는 서브홀을 써야한다는것이 젤단점입니다180명을 짜르기가 힘들었습니다. 누구는 서브홀 누구는 메인홀 하면 섭섭해할 것같기도하고 실제로 결혼한 친구도 그부분이 젤 어려웠다고 했습니다또한 서브홀 써도max 220 밖에 안된다는 것이 단점이었습니다 최종 계약은 안했어요그랜드볼룸도 봤는데 더플라자는 지스텀하우스 아니면 큰 의미없어보여서 고려안했습니다.,
디에스컨벤션 수원,50,200.0,6000000,62000.0,"견적받은 할인가 식대, 대관료 그 외 기타 비용- 식대 : 60,000원- 대관료 : 6,000,000원","주차장, 대중교통 편의, 홀 제공 음식, 신부 대기, 예쁜 홀",아쉬운 점 혹은 걱정되는 점당시 상담에서 연회장이 랜덤배정이라고 하셨어요...! 2층 연회장이 제가 봤을 때도 많이 좁아보여서 그게 걱정이 좀 됩니다ㅠㅠ......,
라루체 명동,51,,,,,"합리적 가격, 홀 제공 음식, 대중교통 편의","아쉬운 점 혹은 걱정되는 점: 연회장 간격이 좁고 다른 홀 하객들과 연회장을 공유할 수 있음, 낡고 오래된 느낌, 풍선 날리기 이벤트가 불가능, 주차 공간이 여러 곳에 분산되어 있음",
라마다 송도 호텔,52,250.0,4000000,60000.0,"견적받은 할인가 식대 : 60000원, 대관료 그 외 기타 비용 : 400만원","식 간격, 단독 홀, 홀 제공 음식, 예쁜 홀",아쉬운 점 혹은 걱정되는 점 : 주차장도 여유로운 편이고 고속도로가 멀지 않아 자가용을 이용하면 매우 편리합니다. 대중 교통으로 오실 때는 전철역에서 호텔까지 셔틀을 운행해주지만 가실 때 셔틀이 없어서 조금 아쉽습니다.,
라마다 신도림 그레이스홀,53,250.0,16000000,88000.0,"견적받은 할인가 식대, 대관료 그 외 기타 비용- 24년 8월 3-4주차 투어시작했는데, 25년 8월말은 이미 다 나갔더라구요.25년 6월, 8월 초 : 대관료 600~680만원, 식대 67000~74000","대중교통 편의, 주차장","아쉬운 점 혹은 걱정되는 점- 예약금 이후, 본식 계약서 받으러 가는 것도 전화 예약 필요하고, 시식 예약도 전화예약이더라구요.이런 걸 일괄 유선으로 진행하는게 시대에 맞지 않다고 생각합니다. 심지어 이메일로 일정 변경 남기면(홀 휴무일), 퇴근할 떄쯤 보시고 회신주시더라고요.- 로비에 있는 돌,, 홀과 분위기가 안맞다고 개인적으로 생각합니다.- 물론, 이런 당사자가 감내하는 부분 외에는 홀, 식사, 입지 상대적으로 모두 준수하다고 생각합니다.",
라마다 신도림 세인트그레이스홀,54,200.0,16000000,97000.0,"견적받은 할인가 식대, 대관료 그 외 기타 비용대관료 600만원초 / 식대 7만원초","예쁜 홀, 홀 제공 음식, 합리적 가격","아쉬운 점 혹은 걱정되는 점선택하지 않게 된 이유들은 아래와 같습니다.1) 다른 인기있는 시간대가 많이 소진되는 바람에 비교적 비선호되는 타임대의 견적을 받았는데요, 다른 인기있는 시간대의 경우 보증인원도 많아지고 견적도 비싸진다고 안내받았습니다.2) 하객으로 갔을때도 겪어봤지만, 고질적인 주차문제때문에 계속 마음에 걸릴 것 같았습니다.3) 여자친구가 신부대기실이 반층 위에 있어서 입장 동선이 복잡하다고 느꼈고, 파스텔톤의 꽃을 좋아하는데 비교적 쨍한 원색의 꽃이 많아서 아쉽다고 느꼈습니다.4) 신도림 라마다도 저희 기준에서는 가격대가 낮지않은 편이었는데요. 다만 이왕 비싼 돈 쓰는 김에 좀 더 비싸지만 신식이어서 더 깔끔한 더링크나 좀 더 웅장한 느낌이 있는 더컨벤션 신사에서 하거나, 아예 가격대를 좀 더 낮춰서 다른 더 합리적이라고 생각이 들었습니다.",
라마다 신도림 하늘정원홀,55,250.0,10000000,100000.0,"견적받은 할인가 식대, 대관료 그 외 기타 비용 : 93000원, 1150만원",홀 제공 음식,"아쉬운 점 혹은 걱정되는 점- 주차가 아쉽다는 후기를 봐서 조금 걱정이 됩니다. 직접 갔을 땐 문제가 없었는데, 사람이 정말 많은 날엔 디큐브 백화점에 발렛을 하는 경우도 있더라구요. 그런 경우엔 손님들께서 불편할 수도 있을 것 같다는 생각이 들었습니다.- 조감도만 보고 계약을 해서 실물을 내년 8월까진 못 본다는 점이 걱정스럽습니다. 카펫이나, 조명이나, 꽃 크기가 어떨지 실물로 보는 것과 조감도는 차이가 좀 큰 것 같아요. 무사히 완성되길 바랍니다.",
라마다 신도림 하늘정원홀,55,300.0,10000000,100000.0,"견적받은 할인가 식대, 대관료 그 외 기타 비용식대 : 8만원 초반대, 900백만원 (음주류는 서비스 )기타 비용포함( 꽃장식,사회자등..)","대중교통 편의, 주차장, 홀 제공 음식","아쉬운 점 혹은 걱정되는 점아무래도 조감도만 보고 선택하는이 조금 걱정스러워요,조감도만 보고 선택했다가 실망하는 후기들 많이봐서 그런가. 그래도 라마다라는 믿음 하나로 결정하게되었습니다.",
라비니움,56,,,,,"천호역, 밝은 홀, 친절한 서비스",아쉬운 점 혹은 걱정되는 점: 공사 중이라 실제 모습을 확인하지 못한 점이 아쉽습니다.,
라비니움 블룸홀,56,200.0,11000000,92000.0,"예쁜 홀, 신부 대기, 생화 장식",,,
라비두스,57,,4000000,85000.0,"견적받은 할인가 식대, 대관료 그 외 기타 비용- 3월(프로모션): 대관료 200 연출료 200 꽃장식 500 본식스냅 120 / 식대 7.65- 6월: 식대만 할인 8.075",,"아쉬운 점 혹은 걱정되는 점- 원하는 날짜가 없었고, 야외 공간이 생각보다 굉장히 작았습니다 ㅠㅠ 200명이 넘으면 사람들이 보기 어려울 것 같더라구요그리고 주차 공간이 넉넉하지 않아서 걱정되었습니다.. 역에서 꽤나 떨어져있기도 한데 하객들이 오기 어려울 것 같더라구요2부 하는 곳은 생각보다 취향에 맞지 않기도 했습니다.그래도 공간자체는 정말 예쁘고, 하우스 웨딩의 로망을 충족시켜줄 수 있는 곳으로 보였습니다꽃을 커스터마이징 할 수 있는 것도 좋아보이고 랩핑 서비스도 있는 것도 좋아보였어요그리고 버진로드에 꽃장식도 추가비용이라고 하더라구요 ㅠㅠ 이거저거 추가하면 5천이 훌쩍 넘을 것 같아서 선택하지 않았습니다.",
라비두스,57,250.0,4000000,90000.0,"견적받은 할인가 식대, 대관료 그 외 기타 비용식대 10% 할인 (81,000원에 부가세 별도)2부 웨딩케이크&샴페인 무료웰컴 드링크 무료셔틀버스 무료250명 기준 식대 포함, 부가세 포함 약 4500만원(야외 웨딩 추가금 포함, 기본 꽃 기준)웨딩케이크/샴페인/웰컴드링크 정도는 다른 곳에서도웬만하면 서비스로 주는 항목들이라따로 엄청난 할인이랄 건 없었습니다!","예쁜 홀, 넓은 홀, 식 간격, 대중교통 편의, 생화 장식, 단독 홀","아쉬운 점 혹은 걱정되는 점[라비두스 단점]- 위치가 좋지만 강북인 점- 야외 꽃 얼마를 추가해도 꽃 반출 불가 (실내만 가능)- 1부가 끝나지 않으면 2부 장소 입장 불가- 축가는 무조건 2부에서 진행 (1부 불가)- 당일 계약 혜택이 크게 없음- 오른쪽 모서리에 보이는 건물이 낙후되었음- 사회자 비용 포함됨 (따로 부를 수 있어요!)(연계 사회자도 괜찮아서 저희는 연계 쓰려구요)- 본식 스냅 업체 연계업체만 가능(세개 있는데 레이어갤러리가 젤 이쁩니다!)야외 꽃이 가장! 이해가 안되는 부분이었어요.왜 몇백을 추가해도.. 반출할 수 없는가? 아직도 의문이고라비두스에서 가장!! 마음에 들지 않는!! 부분입니다.왜 안되냐해도 원칙상 그렇다는 말만 하시더라고요.2부 진행할 수 있는 호텔 가격이 아닌 야외 식장은라비두스가 거의 유일해서 그냥 안고 가기로 했습니다...(정말 진심으로 이해안감 꽃 재활용하시는건지 뭔지)그거 외로는 크리티컬한 단점은 없었습니다.1부 끝나기 전에 2부 공간에 못들어가는 것도, 열어두면밖에 잘 안서있고 다 들어가서 앉아있는다고 하더라구요.(의자 자리 부족 이슈.. 이건 모든 식장이 그러니 패스)결과적으로 예약금 걸어두었던 다른 베뉴 취소하고라비두스로 최종 계약 했습니다!*타인의 이미지, 글 무단 사용 및 도용 금지-타인의 이미지, 컨텐츠를 사용할때는 꼭 출처를 명시해주세요.*정보 공개를 원치 않으시면 꼭 멤버 공개로 설정해 주세요.",
라비에벨 웨딩,58,,8900000,68000.0,"견적받은 할인가 식대, 대관료 그 외 기타 비용 : 대관료 650만원, 식대 65,000원","단독 홀, 생화 장식, 넓은 홀, 홀 제공 음식, 대중교통 편의","아쉬운 점 혹은 걱정되는 점 : 주차장이 넓지만 쇼핑몰과 같이 사용, 만차시 옆 주차타워 이용가능하며 지하철 및 부천터미널이 인접하여 괜찮다고 생각함.라비에벨 웨딩 홀투어가서 당일 계약했습니다.부천에서 TOP3 웨딩홀 투어했고 마지막 홀투어 라비에벨로 결정했어요.라비에벨웨딩은 뷔페가 맛있기로 유명하고 홀이 가장 예뻤어요.한층에 단독홀로, 연회장, 신부대기실 등 모두 같은 층에 있기때문에 하객분들 이용하시기에도혼선없이 동선이 좋다고 느꼈습니다.홀에 들어가자마자 넓고 높고 길다는 느낌이 확 옵니다.이렇게 웅장한 홀에 긴 버진로드는 라비에벨이 부천에서 유일한거 같아요.그리고 생화를 정말 많이 사용하더라구요. 외부 포토존, 포토스튜디도, 신부대기실, 홀과 버진로드까지전부 생화를 사용해서 전체적인 홀 퀄리티가 높았습니다.포토스튜디오포토존신랑입장도 무대처럼 단이 있고 신부입장과 다른 곳으로 입장해요.신랑도 충분히 주인공이 될 수 있을거같구요.신부입장시 신부대기실에서 입장문까지 이어지는 숨은길이 있고로비, 하객분들에게 노출없이 바로 신부입장이 가능합니다! 이부분도 너무 좋았어요.뷔페는 연회장이 1,000석이나 되어서 혼잡하지않게 여유로운 식사가 가능하다고 해요.혹시 먼저 식사하실 분들위해 예식이 중계되는 고화질의 LED 스크린도 있었어요.뷔페 맛은 맛있기로 워낙 유명해요. 수조가 있어서 즉석에서 낙지탕탕이 등 살아있는 해물로 제공을 해주시고,회전초밥도 그때그때 초밥을 올려주시니 위생적이고, 신선하게 느껴져서 마음에 들었습니다.주차는 800대인데 쇼핑몰고객님들과 같이 사용하긴 하나 공간은 충분하다고 느꼈어요. 혹시 만차되면 옆건물 주차타워로 안내해주시니 염려하지 않아도 되구요.근데 저희 하객분들은 라비에벨이 상동역 바로 앞이라 대중교통 이용하시는 분들 많을거같고, 지방에서 오시는 하객분들도 인근 부천터미널이 가까워서 위치적으로도 너무 메리트 있었어요.*타인의 이미지, 글 무단 사용 및 도용 금지-타인의 이미지, 컨텐츠를 사용할때는 꼭 출처를 명시해주세요.*정보 공개를 원치 않으시면 꼭 멤버 공개로 설정해 주세요.",
라움,59,300.0,,,"견적받은 할인가 식대, 대관료 그 외 기타 비용*2층(동시예식진행) - 캐슬웨딩 & 그라스가든 기준- 식 대 : 양식코스 15만원대~30만원대(음주류 별도)- 꽃장식 : 스탠다드 1870만원~- 대관료 : 550만원~- 장비사용료 : 110만원~- 2층 가든예식의 경우 꽃장식 별도 추가",,"아쉬운 점 혹은 걱정되는 점 (선택x)얘상되는 하객수보다 주차가 협소하고, 내부의앤틱한 디자인이 기대했던 것과 다르고, 식대나 플라워비용이 거의 호텔 견적에 비슷할만큼 높아서 이곳은 선택하지 않기로 했습니다.",
라움 그래스가든홀,59,350.0,5000000,155000.0,"견적받은 할인가 식대, 대관료 그 외 기타 비용 식대 할인 없음. 기타사항에 대해서 100만원으로 할인",,"아쉬운 점 혹은 걱정되는 점이전에 방문했을 때 예쁜 예식이었기에 꼭 확인하고 싶은 식장이었습니다. 음식도 맛있었고 플라워 랩핑 서비스가 있는 것도 좋았어서 기억에 남는 웨딩이었습니다.다만 가기전부터 견적 악명이 높던데 듣던대로 사실이었네요.정가 기준 1억 3천만원이 넘어가는 견적 -> 할인 시에도 9900만원대.아무래도 이 가격이면 호텔에서 하는게 나은 견적입니다.라움이 웨딩 업계에서는 유명하지만, 아무래도 아는 사람만 아는 곳이라는 인상이 강한 것 같아요. 하우스 웨딩이 흔하지 않던 시절(2010년경부터)나 유행했지, 아무래도 이런 컨셉이 오래됐고, 로코코 공주풍을 좋아하는 사람들이나 라움을 고집할 것 같은 느낌입니다.건물은 예쁘지만 주변 환경도 어수선하다는 인상이 강했고, 건물 자체가 오래되어 노후되고 있다는 느낌이 듭니다.그래스가든 이외에 다른 홀도 둘러볼 수 있었는데(채플형, 볼룸 등) 원하는 스타일에 따라서 다양한 컨셉이 있다는 점은 좋았습니다. 요새는 어두운 홀이 많은데 원한다면 밝은 홀처럼도 연출이 가능합니다.그래스가든 예식 시에 동선은 2층에만 있어서 간편하다는 특징이 있고, 식장 자체는 매우 예쁩니다.야외 웨딩이 가능한 몇개 안되는 시내에 있는 식장이기도 하고, 원하는대로 커스텀이 가능한 부분이 많은 것 같았어요.다른 강남주변 식장 중에는 주차가 편해보이기는 합니다. 대중교통 이용시에는 셔틀이 다닌다고 하네요.",
라움 마제스틱볼룸홀,60,,,,,"클래식한 분위기, 하객 수용, 그라스가든, 주차 걱정",아쉬운 점 혹은 걱정되는 점: 3월 저녁 예식으로 날씨가 추워 그라스가든을 활용 못할까 걱정. 주차공간이 부족할 것 같음.,
라움 체임버홀,61,250.0,30000000,124000.0,"견적받은 할인가 식대, 대관료 그 외 기타 비용- 식대 : 할인없음- 플라워 : 할인없음- 대관료 : 30,000,000=> 총 견적 : 5천4백만원",,아쉬운 점 혹은 걱정되는 점 : 아래에 작성,
로마옥,60,200.0,5500000,93000.0,"견적받은 할인가 식대, 대관료 그 외 기타 비용 대관료 550만원 꽃장식 450만원, 식대 90,000원",,"아쉬운 점 혹은 걱정되는 점 아래기재여기는 10월에 새로 웨딩으로 오픈한 베뉴여서 그런지 깨끗하고 괜찮았어요.사실 레스토랑에서 오픈한 베뉴라 기대치를 많이 가지고 가지 않았는데,왠걸요... 한옥을 세련되게 현대화시킨 느낌~ 게다가 소나무들이 고즈넉함을 극대화 시키더라구요~한강뷰가 내려다보여서 완전 로맨틱하구요,저는 저녁에 갔는데, 전구를 키니 또 기깔나게 예뻐요.루프탑에 애프터파티도 가능했구요, 음식도 너무 맛있다고 평이 나 있더라구요.연회장도 실내에 있어서 야외웨딩 후에 벌레랑 밥먹지 않아도 되는게 좋았구요.제가 싫었던 본식스냅필수 이런것도 대관료, 꽃장식 연출외에 없어서 원하는 업체 불러서 사진 찍을수 있는것도 좋았구요~일단 진짜 한강이 보이는 리버뷰로 고즈넉한 한옥과 어우러진 낭만웨딩 쌉가능인게 너무 마음에 들어서 계약했어요.*타인의 이미지, 글 무단 사용 및 도용 금지-타인의 이미지, 컨텐츠를 사용할때는 꼭 출처를 명시해주세요.*정보 공개를 원치 않으시면 꼭 멤버 공개로 설정해 주세요.",
로얄파크컨벤션,61,250.0,14000000,120000.0,"견적받은 할인가 식대, 대관료 그 외 기타 비용식대92000원 대관료950",,아쉬운 점 혹은 걱정되는 점 너무높은식대 및 대관료,
로얄파크컨벤션,61,200.0,30000000,,"견적받은 할인가 식대, 대관료 그 외 기타 비용 : 약 2000만원 대 초-중반",,"아쉬운 점 혹은 걱정되는 점 : 주말 시위 이슈, 약간의 공장형 느낌",
로얄파크컨벤션,61,,,,,,아쉬운 점 혹은 걱정되는 점: 대들보가 눈에 띄었지만 큰 문제는 아님. 꽃타워의 컨디션에 대한 걱정이 있음,
로얄파크컨벤션 로얄홀,61,,,,,"로얄파크, 예쁜 홀, 맛있는 음식, 교통 혼잡","아쉬운 점 혹은 걱정되는 점: 시위로 인한 교통 혼잡 우려, 대들보가 없었으면 좋겠다는 아쉬움, 하객 테이블 나무 장식으로 단상 보임 문제.",
로얄파크컨벤션 용산 파크홀,62,,,,,"접근성, 넓은 주차장, 식사 퀄리티, 편리한 동선, 혼잡한 연회장",아쉬운 점 혹은 걱정되는 점: 1. 대들보 문제로 시각적으로 신경 쓰일 가능성. 2. 여름 시위 가능성. 3. 연회장 테이블 간격이 좁아 혼잡하고 시끄러울 수 있음.,
롯데호텔 소공동,63,200.0,,140000.0,"견적받은 할인가 식대, 대관료 그 외 기타 비용 :식대(국수포함) + 대관료 + 꽃장식 = 4,500만원 + @**식대는 롯데 임직원 지인 할인 받은 받았을 시 기준 가격입니다",,아쉬운 점 혹은 걱정되는 점 : 9번에 자세히 작성하겠습니다.,
루나미엘레 여의도,64,,,,,"부모님이 강력하게 동시예식을 원하셔서, 가성비를 고려하며 예쁜 홀을 찾다가 눈에 들어온 곳.","아쉬운 점 혹은 걱정되는 점: 많은 견적을 받아보았고, 25년 9월부터는 점심 식대가 8.8만원으로 인상되어 고민이 많았음. 코스 업그레이드 시 비용 부담 증가.",
루벨 강동,65,200.0,8000000,80000.0,"견적받은 할인가 식대, 대관료 그 외 기타 비용- 홈페이지에서 자세한 내용 확인 가능합니다.","예쁜 홀, 대중교통 편의, 고객 응대, 주차장, 홀 제공 음식, 신부 대기",아쉬운 점 혹은 걱정되는 점- 없습니다,
루벨 강동 웨딩홀,65,,,,,"예쁜 홀, 신부 대기실, 식대 만족",,
루이비스 대전,66,200.0,6000000,59000.0,"견적받은 할인가 식대, 대관료 그 외 기타 비용 : 견적공유 불가",홀 제공 음식,아쉬운 점 혹은 걱정되는 점 : 주차,
루이비스 문정,67,200.0,8000000,78000.0,"견적받은 할인가 식대, 대관료 그 외 기타 비용 25.8 - 350/5.0, 25.9 - 450/5.5",,아쉬운 점 혹은 걱정되는 점홀에 들어가자마자 생각보다 너무 괜찮아서 계약 할 수도 있겠다 싶었지만 일단 다른 리뷰에서도 봤던 홀 안의 기둥이 가장 걸렸어요. 또 단독홀이 아니라는 점이 엄청 크더라구요로비가 매우매우 넓긴 하지만 홀 2개가 모두 한 층에 있고 각 홀마다 축의대가 2개씩 있어요.그 이유는 내 예식을 하는 중에 다음 예식 하는 사람이 와서 축의대를 쓴다고 하는데 그렇게 생각하자니 엄청 복잡스럽더라구요..안그래도 정신산만한 날에 그런 복잡한 상황은 만들기가 싫잖아요ㅠㅠㅠ그리고 연회장은 마음에 들었으나 홀에서 연회장을 가려면 엘레베이터를 타야하는데 4대? 쓸수 있으나 매우 복잡스럽워요...하하하하하 그래서 탈락... 주차장은 지하주차장인데 그건 맘에 들었어요!그리고 무엇보다 마음에 안드는 부분에 비해서 가격이 착하진 않더라구요.. 8월인데도 약간 비싸다고 생각했어요..그래도 고민하고 계신 분들은 한번쯤은 가보시는 거 추천드립니다!,
르비르모어,68,250.0,11000000,108000.0,"견적받은 할인가 식대, 대관료 그 외 기타 비용대관료 700만 / 식대 73000","대중교통 편의, 식 간격, 단독 홀, 넓은 홀, 신부 대기",아쉬운 점 혹은 걱정되는 점- 다소 높은 견적- 5M라는 낮은 층고- 좁으 주차장 입구- 조감도만 보고 결정해야되는 위험성,
르비르모어,68,,11000000,98000.0,"견적받은 할인가 식대, 대관료 그 외 기타 비용대관료 480식대는 69000발렛비 50추가","예쁜 홀, 넓은 홀, 대중교통 편의, 신부 대기, 홀 제공 음식, 고객 응대",아쉬운 점 혹은 걱정되는 점근데 발렛비를 필수로 내야하는게 좀 불편했어요 9월부터는 안낸다고 하더라고요... 그리고 천장이 좀낮은편인게 웅장한 느낌을 좋아하는 저희한테 계속 마음에 걸려서 결국 계약취소하긴 했습니다그래도 화려하고 예뻐서 한 번 가보세요!!,
르비르모어,68,,,,,밝은홀 및 생화장식이 풍부함,"아쉬운 점 혹은 걱정되는 점: 층고가 낮음, 실물로 보면 괜찮지만 아쉬움",
르한스,69,,,,,"예쁜 홀, 넓은 홀, 고객 응대, 합리적 가격, 생화 장식, 스몰 웨딩","아쉬운 점 혹은 걱정되는 점: 주차와 위치, 적은 가짓수의 뷔폐, 바베큐 1접시 제한",
마리드블랑(메종드아나하),70,,,,,"리모델링, 단독홀, 음식 맛있는 부페식","아쉬운 점 혹은 걱정되는 점: 조감도만 보고 계약했는데, 실제로는 기대에 미치지 못할까봐 걱정. 조감도만큼 예쁘게 나오길 바람.",
마리아쥬스퀘어,71,300.0,2990000,,,"대중교통 편의, 예쁜 홀, 홀 제공 음식, 고객 응대",아쉬운 점 혹은 걱정되는 점웨딩홀 자체의 층고가 낮아서 그 점이 좀 아쉬웠고어른들은 한 상차림을 선호하시지만 우리 친구층 하객들은 부페를 좋아하는 성향 상 제일 중요한 밥에서 호불호가 갈릴까봐 걱정이 되었어요.,
메리빌리아,72,200.0,4200000,60000.0,"견적받은 할인가 식대, 대관료 그 외 기타 비용메리빌리아는 직계가족 결혼 시 식대 할인 들어가는 것 외엔 정찰제라 들음","신부 대기, 홀 제공 음식, 예쁜 홀, 주차장",아쉬운 점 혹은 걱정되는 점없음,
메리빌리아 더 프레스티지,72,300.0,7900000,80000.0,"견적받은 할인가 식대, 대관료 그 외 기타 비용","주차장, 홀 제공 음식","아쉬운 점 혹은 걱정되는 점오픈식이후 개선사항들로 식사메뉴 개선 및 화장실 청결도 , 생화 양 증가, 화이트톤 + 약간 연한핑크톤으로 버진로드 , 버진로드초입, 신부대기실 꾸며준다고 하여 기대중입니다. 폐백실, 혼주대기실, 가족탈의실, 연회장내 커피머신기 없음, 스테이크 및 초밥 회 종류는 아직 퀄리티 개선이 안 되는 것 같아 아쉽고, 좀 더 개선되었으면 좋겠어요. 3주간의 예식이 치뤄진 지금 여러 시행착오를 겪으며 직원분들도 애로사항이 있겠지만 부족한 부분들에 대해서 의견이 나오면 경청하고 적극수용하는 상담이 이루어지면 좋겠습니다. 앞으로 많은 예식들이 진행되는 가운데 더 나아지고 개선되어 많은 예비 부부들의 첫 시작을 알리는 중요한 예식에 맞는 , 많은 좋은 후기가 들려오는 예식장으로 되길 바랍니다♡",
메리빌리아 더 프레스티지,72,,,,,"그리너리 화이트 강경 밝은 홀을 선호, 가든홀의 분위기, 수원역 근처에 위치해 있어 접근성이 좋음.","아쉬운 점 혹은 걱정되는 점: 3층은 아직 공사 중이라 산책로 상태가 불확실하고, 혼주 식사룸이 붙어 있어 반대쪽 홀 손님들과의 시선 교환이 우려됨",
메리빌리아 더 프레스티지,72,300.0,13500000,85000.0,"견적받은 할인가 식대, 대관료 그 외 기타 비용950/8.5",,"아쉬운 점 혹은 걱정되는 점로비를 공용으로 두팀이 사용해야 해서, 넓으나 혼잡할 수도 있을 것 같아요.축의대 또한 두팀이 동시에 받다보니, 그다음 팀이 섞일 경우 4팀이 동시에 받을 확률도 존재하여 대혼잡 될 가능성도 있을 것 같아요.정산실 같은 하객들에게는 필요없는 문구가 크게 적혀있는게 조금 아쉬웠어요.",
메리빌리아 더프레스티지,72,,13500000,85000.0,"견적받은 할인가 식대, 대관료 그 외 기타 비용대관료 700 식대 7.4 보증인원 200명","예쁜 홀, 대중교통 편의","아쉬운 점 혹은 걱정되는 점몇몇 분들은 메리빌리아 현 상태에 대해 알고계실거라 생각해요.. 이미 블로그도 많이 글 올라와 있고 카페에도 글이 있는것으로 알고 있어요.저는 단톡방에 들어가있어서 블로그에 글 올라오기 몇달 전 부터 이미 문제점들에 대해 인지하고 있었고 많은 신부님들이 항의해봤지만 다 수용되지는 않았어요(일부는 수용 됐습니다.)저도 직접 공사현장 가서 문제점 지적하고 몇 가지 수정 안되냐고 했더니 돌아오는 말은 '대표님이 허가를 내주지 않으신다' 라는 대답이었습니다.가장 이해가지 않았던 부분이 제가 제안했던 안 중에는 추가 비용이 들거나 하는것도 있었어요(디자인 이상한 의자 빼주시면 안되냐, 이상한 조형물 빼주시면 안되냐 등)사실 이건 저 뿐만 아니라 많은 신부님들이 낸 의견이라고 하는데 수용이 왜 안되는지 도저히 납득이 가지 않았습니다. 그냥 대표님만의 특별한 철학이 있는듯 했어요.제가 취소한 가장 큰 이유는 저와 맞지않는 대표님의 철학입니다.솔직히 식 날짜가 많이 남아서 지속적으로 건의하면 어느정도 바뀔수는 있겠다 싶어서 취소안하고 기다렸는데요대표님 철학이 이렇게 견고해서는 바뀌기 쉽지도 않겠다 싶었고, 가뜩이나 신경쓸게 많은데 제일 중요한 웨딩홀때문에 더이상 신경쓰고싶지 않았어요.저는 비록 취소하였지만, 메리빌리아가 얼른 많이 좋아졌으면 좋겠습니다.",
메리빌리아 더프레스티지,72,,,,,"수원, 저렴한홀","아쉬운 점 혹은 걱정되는 점: 아직 완공되지 않아 리스크가 있고, 공간이 부족할 수 있습니다.",
메리스 에이프럴,73,100.0,2000000,70000.0,"견적받은 할인가 식대, 대관료 그 외 기타 비용: 100만원 / 60000원, 65000원, 70000원",,아쉬운 점 혹은 걱정되는 점: 다른 후기에서 식사를 시식해볼 수 없다고 했던 것 같아서 이 부분이 아쉽다면 아쉬울 수 있는 부분일 것 같아요!,
메리어트호텔 반포,74,,,,,"예쁜 홀, 생화 장식, 신부 대기","아쉬운 점 혹은 걱정되는 점: 주차가 너무 걱정이고, 인기가 너무 많아서 2025.08에 상담을 갔어도 8월 1일에 가지 않았으니 2025.11월에 대기 3순위를 받게되는.. 엄청난 곳입니다. 일요일 오전 11시에 상담 갔을때는 주차가 비교적 쉬웠는데, 토요일 저녁보다 일요일 점심이 나을것 같다는 생각도 듭니다. 로비가 매우 좁다고 했는데, 저는 쇼케이스와 상담, 총 2번이나 가봤지만 그렇게 좁다는 느낌은 안들었어요!",
메이필드호텔 카라홀,75,180.0,5000000,110000.0,17000000,,아쉬운 점 혹은 걱정되는 점,
몬스테라웨딩,76,,,,,"스몰웨딩, 화이트 그리너리, 포토존, 친절한 상담",아쉬운 점 혹은 걱정되는 점: 신상베뉴라 후기가 적어 걱정,
무역컨벤션 광명,77,,6400000,67000.0,"견적받은 할인가 식대, 대관료 그 외 기타 비용 대관료 560만원 / 식대 62,000원",,"아쉬운 점 혹은 걱정되는 점 : 하객 대기실도 넓고, 주차도 편리합니다. 광명역도 근처에 있어 교통도 편리하다고 생각되나,!! 둘 중 한명의 하객의 대부분이 서울에 살고 대중교통을 이용할 것으로 예상되어 선택하지 않았습니다.(1호선 광명역 배차간격은 정말 hell....)",
밀리토피아 호텔,78,250.0,4840000,73000.0,"견적받은 할인가 식대, 대관료 그 외 기타 비용 대관료 242만원, 식대 46,000원","예쁜 홀, 주차장, 홀 제공 음식, 식 간격","아쉬운 점 혹은 걱정되는 점꽃장식이 조금 빈약해보여서 문의를 드렸더니, 추가할 수는 있는데 비용이 몇백만원대로 뛴다고 하셨어요.그래서 빠른 포기...ㅎㅎ 풍성함이 없어요 ㅎㅎ다시 생각해보니 채플홀이라 너무 화려한 꽃장식은 또 안어울렸을수도...제일 맘에 안들었던 점은, 본식스냅업체가 지정되어있는데, 가격은 77만원이라 저렴한 축에 속하지만,후기 사진을 보니 제 취향과는 거리가 멀더라구요.업체를 빼고 계약을 할려고 했는데 그건 안된다고 거절당했어요..ㅠㅠ",
바이더그린,79,150.0,5500000,70000.0,"견적받은 할인가 식대, 대관료 그 외 기타 비용: 식대 69,000(드마리스) 대관료 3,500,000그 외 기타 부수적인 금액 포함 대략 1870만원 견적.","스몰 웨딩, 예쁜 홀, 합리적 가격, 넓은 홀, 식 간격",아쉬운 점 혹은 걱정되는 점: 일단 위치였습니다. 차가 없는 하객은 방문이 어려울 것 같아요. 근처 역에서 버스(15/20분간격)를 타고 와야하고공영주차장(도보 10-15분거리)을 이용하는 하객들을 위한 차량은 렌트가능했습니다.저는 지방이어서 베뉴는 너무 마음에 들었지만 하객들 교통상황을 고려하다보니 선택하지 않았습니다.,
바이더그린,79,100.0,6000000,72000.0,"견적받은 할인가 식대, 대관료 그 외 기타 비용 대관료 500만원 꽃장식/디렉팅 할인없음 식대 70,000원","고객 응대, 예쁜 홀, 주차장, 홀 제공 음식, 합리적 가격","아쉬운 점 혹은 걱정되는 점 아래기재@_by_the_green인원 최대 300명수용 / 하루2팀 (12시, 17시) / 뷔페 / 주차 330대여긴 앞서 투어한 베뉴들에 비해 인지도는 낮지만 그만큼 신상이라 비용&서비스적인 측면에서 최상이었습니다.상담예약을 그렇게 치열하게 하지 않았던 점이 크게 플러스로 작용했습니다.(카톡&dm 상담 가능, 밤 11시넘어도 대답해주심 쏘친절 ㅠ)아직 오픈한지 얼마안되서 예식을 실제로 진행한 레퍼런스는 없지만,올해 오프라인 시연회 2회로 현장 세팅 사진&영상을 참고해 계약할 수 있었어요.근화원이 한옥이 있어 색달랐다면, 바이더그린은 브릭으로 지어져 더욱 감각적이게 느껴졌다랄까요.보통 야외웨딩에서 취약한 조건인 주차&음식 퀄리티 조건도 좋았습니다. (뷔페는 드마리스 브랜드)아마 여기도 유명해지면 그만큼 가격이 높아지겠지만,현재는 일반 웨딩홀과 견줄만큼 야외베뉴치고 합리적인 금액이 너무 좋았어요.아무래도 조건과 디자인의 유니크함이 남달라 그런지,후기가 별로 없어 시간이 여유있을 줄 알았는데 남은 잔여자리가 별로 없더라구요.왜이렇게 다들 부지런하신건지..결국 날짜 옮겨서 겨우 바이더그린으로 계약하고 왔습니다.",
베네치아 일산,80,,,,,"역세권, 가성비 좋은, 버진로드 길음",아쉬운 점 혹은 걱정되는 점: 생화 장식을 아직 못 본 것이 아쉬움. 11시 예식이라 대관 시간이 더 길었으면 좋겠음.,
베뉴지 네이처홀,81,200.0,5900000,65000.0,"견적받은 할인가 식대, 대관료 그 외 기타 비용정찰제로 5900000원 / 당일 할인 63000",,아쉬운 점 혹은 걱정되는 점단독홀이 아니고 홀이 두개 있다보니 하객이 섞이고 복잡스러울까봐 걱정했습니다!,
베로나지디 원주,82,200.0,4000000,88000.0,"견적받은 할인가 식대, 대관료 그 외 기타 비용얼리버드로 대관 360만원 식대 6만 8천원대로안내 받았습니다.",,"아쉬운 점 혹은 걱정되는 점소규모 웨딩이 가능하다고 해서 베로나지디 상담을 간거 였는데,250명 이상이 되어야 25년 5월 9월 토요일 예식 예약이 가능했고하객이 250명까지 되지 않을거 같아, 말씀드렸더니 일요일 예식으로만 예약가능하다 하셨습니다그리너리한 느낌을 좋아해서 베로나지디가 1순위였습니다.원주에서 결혼을 준비하시는 예신분들은 아시겠지만후보지가 많지 않자나요ㅠㅠ그래서 예쁜 베로나지디에 기대를 많이 했는데, 아쉬웠습니다 ㅠㅠ식사는 원주 유일의 코스요리!이지만 생각보다 하객후기를 찾아보면아쉬웠다는 평이 많더라구요ㅠ실제로 4인 기준 셋팅되는 음식들이 양이 많은 분들에게는 부족할 수도 있겠다 싶어서계약하지 않았습니다하지만 홀이 너무 예쁘고 생화에 통창,제가 좋아하는 요소가 가득해서웨딩홀 상담갔다가 예쁘다를 연발했습니다 :)",
벨라루체웨딩 부평점,83,,3000000,58000.0,"견적받은 할인가 식대, 대관료 그 외 기타 비용180 / 5.2",,아쉬운 점 혹은 걱정되는 점 9번에 서술,
벨라루체웨딩 서울점,84,,,,,"예쁜 홀, 넓은 홀, 합리적 가격, 고객 응대, 홀 제공 음식","아쉬운 점 혹은 걱정되는 점: 버진로드가 짧고 로비는 낡은 느낌, 하지만 홀이 커버 가능",
보타닉파크웨딩,85,200.0,5000000,66000.0,"견적받은 할인가 식대, 대관료 그 외 기타 비용- 주류 서비스 등 서비스 추가 외 할인 x","대중교통 편의, 주차장, 홀 제공 음식, 예쁜 홀","아쉬운 점 혹은 걱정되는 점- 지하철이랑 연결되어 편리하기도하지만 결혼식 하객들이 아닌 외부인들과 마주칠수있다는 점이 약간 어수선하다고 느껴졌어요- 2개의 홀과 신부대기실이 생각보다 가까운 점교통접근성과 다양한 식사메뉴가 역시 매력적이었고 혼주들을 많이 배려한 공간분리에 세심한 점을 느꼈으나, 전체적인 홀 분위기가 저의 취향과는 맞지않았고 교통접근성 자체는 좋으나 신부 측 본가와는 좀 거리가 있어서 계약을 망설이게되었습니다.취향과 지역조건이 잘 맞는다면 정말 훌륭한 베뉴임에는 틀림없었습니다!",
브라이드밸리,86,200.0,6800000,69000.0,"견적받은 할인가 식대, 대관료 그 외 기타 비용50,000 / 200명 / 1,000,000",넓은 홀,"아쉬운 점 혹은 걱정되는 점지하에 있어서 계단으로 내려가야하는 점이 불편했습니다. 다른 쪽에 엘레베이터가 있는걸 방문후에 알게되었습니다. 지하철역 하차후 네비안내로 걸어갔더니 입구문이 보여서 계단으로 내려갔는데 어른들은 불편할거라는 생각이 들었습니다.로비는 굉장히 컸고 카페도 있습니다. 하객수가 많지않다면 너무 텅텅 비어보일것 같은 느낌이었습니다.꽃장식과 대형거울로 하객들 포토존을 만들어 놓은 점은 좋았습니다.동선이 한층에 모두 있어서 편리했으나 올드한 느낌이 들었습니다.지하인데다 식당이 바로 옆에 있어서 음식냄새가 많이 날것 같았고 지하철이용시 생각보다 가깝지않아서 선택하지 않았습니다.*타인의 이미지, 글 무단 사용 및 도용 금지-타인의 이미지, 컨텐츠를 사용할때는 꼭 출처를 명시해주세요.*정보 공개를 원치 않으시면 꼭 멤버 공개로 설정해 주세요.",
브라이튼 하우스 한남,87,100.0,2500000,72000.0,"견적받은 할인가 식대, 대관료 그 외 기타 비용 : 식6.9 / 대관료225 / 디렉팅200 / 플라워350","예쁜 홀, 합리적 가격","아쉬운 점 혹은 걱정되는 점아무래도 교통편이 제일 걱정되기는 해요ㅠ 용산구청에 주차해야 하고, 역에서도 거리가 있어서 하객분들이 오시는 데 조금 불편을 느끼실 것 같긴 합니다. 그리고 식사는 보증인원의 10%만 더 준비해주시는데, 당일에 생각보다 많이 오실 경우 식사대접이 어렵다는 점이 아쉽기는 해요.. 물론 이건 대부분의 스몰웨딩이 그렇겠지만요!",
브라이튼 하우스 한남,87,100.0,2500000,72000.0,"견적받은 할인가 식대, 대관료 그 외 기타 비용 : 식대6.9 / 대관료225 / 디렉팅200 / 플라워350",합리적 가격,아쉬운 점 혹은 걱정되는 점아무래도 한남동 주택가(?)에 위치해있다보니 교통편이 걱정입니다.,
브라이튼 하우스 한남,87,120.0,9100000,73000.0,"견적받은 할인가 식대, 대관료 그 외 기타 비용첫 미팅 갔을때 바로 당일계약해서 할인받은 대관료 + 연출 + 기본 꽃세팅 : 775만원 (1부 사회자 및 피아노 3중주 포함)식대 A코스 : 69,000원추가적으로 꽃장식을 커스텀해서 더 풍성하게 했습니다 (신부대기실 + 홀 : 추가금 150만원)","스몰 웨딩, 홀 제공 음식","아쉬운 점 혹은 걱정되는 점브라이튼 하우스를 검색하면 가장 많이 아쉬워하는부분으로 꼽히는 주차장이 없는 부분.모든 하객분들은 용산구청에 주차하고 셔틀을 타고 오셔야하는데 그 부분이 죄송스럽고 불편하게 여겨졌습니다.혼주나 꼭 필요한 인원들은 보증인원의 10% 차량은 미리 사전등록하면 베뉴앞에 차량을 주차해주십니다.또한 소규모 예식이다보니 식사를 미리 테스팅할수없다는게 마음에 많이 걸리는 부분이긴 합니다만,후기들을 찾아봤을때 음식은 다 맛있었다고 되어있어서 약간 안심하고 있습니다.",
브라이튼 하우스 한남,87,100.0,,73000.0,"견적받은 할인가 식대, 대관료 그 외 기타 비용: 대관료&연출&꽃: 740만원, 식대는 1인당 69,000원 (A코스 기준)","스몰 웨딩, 식 간격, 합리적 가격, 고객 응대","아쉬운 점 혹은 걱정되는 점: 주차가 가장 걱정이었는데 보증인원의 10%만 발렛이 가능하고 나머지는 용산구처에 주차하고 셔틀타고 식장에 오셔야하더라고요. 저희는 많은 분들이 지방에서 버스대절해서 한꺼번에 오실 예정이라 그부분은 조금 감안하고 계약했습니다! (스냅 작가님, 본식 DVD 작가님 등까지 주차에 넣으셔서 생각해보세요)",
브라이튼 하우스 한남,87,100.0,2500000,72000.0,"견적받은 할인가 식대, 대관료 그 외 기타 비용식대 할인 없음 포토테이블,플라워샤워등 무료제공 대관료 할인이 날짜가 가까워서 할인이 있었어요","스몰 웨딩, 예쁜 홀",아쉬운 점 혹은 걱정되는 점교통이 아쉽고 아직 없습니다,
브라이튼 하우스 한남,87,100.0,2500000,72000.0,"견적받은 할인가 식대, 대관료 그 외 기타 비용_ 식대 6.9 / 대관료 할인 / 생화장식은 옵션 선택에 따라 +a","스몰 웨딩, 신부 대기","아쉬운 점 혹은 걱정되는 점_ 위치 특성상 하객들의 외부 주차장 이용(용산구청), 셔틀버스 有소규모 웨딩으로 하객들의 인원에 맞게 음식이 준비되는 만큼, 식장 음식은 결혼 미리 맛볼수 없음화장실 크기가 아쉬움",
브라이튼 하우스 한남,87,140.0,2500000,75000.0,"견적받은 할인가 식대, 대관료 그 외 기타 비용대관료 공휴일 할인 -250후기 서비스 -50식대 단가 인당 -0.3음료 서비스서비스제안 :포토테이블 44플라워샤워 22스카이플라워 33커팅케익 33핑거푸드 33","예쁜 홀, 스몰 웨딩","아쉬운 점 혹은 걱정되는 점스몰웨딩이라 하객 인원수가 적고, 주차가 안되고 교통이 불편해요고려대학교 교우회 웨딩홀을 예약했다가🤔급하게 구한 하우스 웨딩홀 브라이튼 하우스예쁘고 아기자기하면서도 나만의 결혼식을 원한다면 추천합니다.서울 한남동에 위치!서울 정중앙으로 위치 그리 나쁘지 않구요.대신 역세권은 아니라는 것.웨딩홀 내에 하객 주차는 불가.용산구청에 주차하시면 됩니다.전면 통유리로 야외분위기 물씬.야외웨식을 하고싶으나 날씨가 걱정이라면 추천합니디.저녁예식이라면 밤하늘을 배경으로 가능해요.신부 대기실도 위쪽 창문은 통유리라 햇살 그대로 자연광을 받을 수 있음!예식 시간은 하루 타임 총 3번11:3015:0018:30앞뒤 예식과 매우 여유로운 편으로 예식 공간을 오로지 우리만 쓸 수 있습니다.하객 식사는 스테이크와 세미뷔페로 직원분들이 예식 시작 후 하객들 자리로 스테이크를 세팅 해주십니다.잔치국수도 있어요🤗브라이튼 하우스에서 제일 만족했던 서비스는 바로 결혼식 연출 디렉팅 서비스. 큐레이터의 맞춤 웨딩 컨설팅으로 원하는 식순이나 준비과정을 전담하여 상담 및 진행해 줍니다.일반적이고 전형적인 결혼식에 거부감이 드셨다면 추천해드려요!같은 웨딩홀 공간이지만 어떻게 꾸미느냐에 따라 다른 느낌으로도 연출. 플라워팀이 따로 있어서 신부가 원하는 데로 공간을 바꿀 수 있어요.꽃 컬러 종류와 스테이지, 테이블, 부케 등 원하는 꽃장식을 세세하게 상담해주신답니다. 식순카드, 식권 디자인도 하나하나 고를 수 있어요.예쁜 결혼식 준비에 도움이 되시길 바랍니다🤗",
브라이튼 하우스 한남,87,,,,,"소규모 웨딩, 프라이빗한 분위기, 할인, 샹들리에, 음식",아쉬운 점 혹은 걱정되는 점: 교통 플라워,
비렌티 루체오홀,88,230.0,630000,66000.0,"견적받은 할인가 식대, 대관료 그 외 기타 비용 : 대관료 및 식대 정가 결제 완료","예쁜 홀, 단독 홀, 고객 응대, 주차장, 신부 대기",아쉬운 점 혹은 걱정되는 점 :장점이 이렇게 많은만큼 가격대가 살짝 있다는 이야기들을 들었었는데 예랑이랑 투어를 가자마자 식장이랑 홀 전체적인 분위기를 보고 너무 예쁘고 웅장하다는 생각에 아 그럴만하다 하네!하구 극찬 했답니다!저희는 그리구 타웨딩홀 상담도 해보고 비교해보면서 비렌티가 생각보다 다른 업체 웨딩홀 들과 비교하였을때 가격적인 부분에서 크게 차이가 있다고는 생각하지 못 했어요!( 지극히 저와 예랑님의 기준이며 개인차가 있으니 참고 해주세요 ) 오히려 저희는 더 가성비있게 잘 한것 같다구 생각했습니다!☺️🍀,
비렌티 웨딩홀,89,150.0,6300000,66000.0,"견적받은 할인가 식대, 대관료 그 외 기타 비용날짜, 요일, 시간대, 보증인원에 따라 할인이 달라서 직접 상담을 추천합니다.","대중교통 편의, 고객 응대, 주차장, 신부 대기",아쉬운 점 혹은 걱정되는 점아직까지는 없습니다!,
비렌티 웨딩홀,89,250.0,5500000,66000.0,"견적받은 할인가 식대, 대관료 그 외 기타 비용정가로 계약금 냈고, 날짜, 요일, 시간대, 보증인원에 따라서 할인 금액이 달라서 직접 상담을 추천합니다!","주차장, 홀 제공 음식, 예쁜 홀, 넓은 홀, 생화 장식, 단독 홀, 신부 대기",아쉬운 점 혹은 걱정되는 점아쉬운 점은 점심 시간대 예식은 홀패키지를 필수로 해야한다는 점입니다ㅠㅠ 동선이 편리한 것은 좋은데 마음에 드는 드레스가 없을 경우 어떡하나 싶어요ㅠㅠ,
빌라드지디 논현,90,200.0,7500000,80000.0,"10,970,000","단독 홀, 주차장, 예쁜 홀, 홀 제공 음식, 대중교통 편의","상담을 해주시는 분이나 또 홀에 들어갔을때 예비신랑신부의 이름을 홀 앞에 써넣은점등은 정성이 가득하여 좋았으나 입구가 너무 좁고 발렛이 되고 주차공간을 확보해놓은건 좋으나 주차를 길가에 해야되는 경우들이 꽤 있어 하객들이 불편할것 같았음.또한 음식은 먹어보지 못했으나 실제 결혼식 하객에 참여한 친구말에 의하면 음식이 정말 맛있다고 했는데 그건 기본 메뉴에 있는것이 아닌 추가 비용 비어치킨 파티 66만원이 추가로 붙는 금액이었음. 아무래도 커스텀 웨딩이고 대관시간이 길기 때문에 파티를 하면서 즐기는 웨딩을 선호하는 경우에 훨씬 더 선호할것 같음.저는 사실 단순히 예뻐서 간 케이스고 신부대기실은 예뻣지만 신부가 나오는 문에 들어가는 길이 사이가 너무 좁아서 옷이 걸릴수도 있을것 같아 여러모로 웨딩홀이 만족스럽게 보이진 않았음.생화을 자신이 원하는 색깔을 말해서 결정하면 그 색깔로 맞춰서 장식을 해주기 때문에 원하는 톤의 웨딩홀을 만들수 있다는 점은 정말 강점이라고 생각함. 또한 여름에는 너무 더울것 같지만 겨울이나 다른 계절은 햇빛도 잘 들어오고 해서 훨씬 더 좋을 것으로 생각함. 하지만 여름은 정말 비추천. 9월에 갔는데도 너무 더워서 그건 고려를 해야된다고 생각함.입구는 예쁘게 꾸며놨어도 들어오는 공간이 정말 좁기 때문에 하객이 많으실경우에는 힘들듯합니다. 고민하시는분들은 그 부분은 꼭 고려하셔야 될것 같습니다.*타인의 이미지, 글 무단 사용 및 도용 금지-타인의 이미지, 컨텐츠를 사용할때는 꼭 출처를 명시해주세요.*정보 공개를 원치 않으시면 꼭 멤버 공개로 설정해 주세요.",
빌라드지디 수서,91,,,,,"단독 홀, 넉넉한 주차공간, 예쁜 홀, 여유로운 대관 시간, 고객 응대","아쉬운 점 혹은 걱정되는 점: 역에서 먼 위치, 짧은 버진로드",
빌라드지디 안양,92,250.0,9000000,85000.0,"견적받은 할인가 식대, 대관료 그 외 기타 비용업체 요청으로 비공개 (공개 시 정상가 적용됨😢)",,"아쉬운 점 혹은 걱정되는 점주차 문제가 조금 걱정되었으나,업체에서 해결을 위해 적극적인 대응 방법 마련하고있어믿고 계약 진행 함자세하게 제가 상담받고 웨딩홀 계약 진행한 후기 남길게요:)결혼 준비하는 분들은 무조건 알 수 밖에 없고,결혼식 장을 많이 다녀보신 분들은아마 한 번쯤은 들어보고 방문해보셨을거에요.“빌라드지디”웨딩홀은 모르는 사람이 거의 없을정도로많이 유명하잖아요.저도 알고 있었던 웨딩홀이라 상담 방문 전에도빌라드지디 안양은 어떨까정말 설레고 기대를 많이 했습니다.빌라드지디 안양 외관리모델링 후25년 1월 오픈 예정이기에비록 현재는 조감도만 보고 상담을 진행해야하는아쉬운 상태이지만 그럼에도 불구하고조감도만 봤을때도 너무 제 취향으로 예쁘더라고요.상담 시 아래 티 메뉴에 있는티를 주시면서 상담을 시작해요:)상담실 티 메뉴상담실 내 조감도제 취향 웨딩홀은 어두운 홀보다 밝은 홀이었어요.그래서 웨딩홀 투어 시에도 어두운 홀보다는밝은 홀 위주로 웨딩홀을 찾아보고 있었어요!그리고 그 다음으로 중요하게 생각한 건하객 입장에서 가장 중요하게 생각하고 기억에 남는식사와 주차를 우선으로 봤습니다.빌라드지디라는 브랜드를 봤을때,시식을 해보지 않았지만 식사즉, 뷔페는 크게 걱정하지 않았어요.상담 시 가장 마음에 걸리는 건 주차 부분이었는데요.아시는 분은 아시겠지만 빌라드지디 안양 웨딩홀이옆에 있는 주차장은 차량 수용이 많이 되지 않아보이고또 이중주차 형식으로 되어있더라구요.하지만 그렇기때문에 주차 문제를 해결하고자여러방면으로 다양하게 협조를 요청하고노력했다고 합니다.바로 앞 주차장 외 홈플러스, 종합경기장그 외 여러군데 주차 가능하도록협조를 요청하고 있다고하고또 인덕원역, 홈플러스 등에서 5분 간격 셔틀운행과실시간 셔틀위치 확인 가능한 QR코드 도입하여하객들의 편의를 위해 노력하는 모습을 보였습니다.상담하는 내내 주차에 대한 문제를 인식하고 있고,또 해결을 위해 다방면으로 노력하고있는 모습을강조하시고 어필하셔서 신뢰가 가더라구요.그리고 웨딩홀.제가 상담 한 홀은 3층 크리스탈 홀이에요.층고가 12M에 버진로드 33M로넓고 시원한 홀이에요.상담 전 조감도만 보고도 반해서 기대를 했는데,상담 후 더욱 반해서 바로 당일 계약 진행했습니다.내년 오픈되면 다시 가서 홀 투어가 너무 기대되요.이상 빌라드지디 안양 상담 받고당일 계약까지 완료한 후기입니다.",
삼성금융캠퍼스,93,,,,,"가성비 결혼식, 삼성 임직원 혜택, 음식 추가 필요","아쉬운 점 혹은 걱정되는 점: 강당 느낌이 나는 인테리어가 아쉽고, 친구가 적어 공간이 비어 보일까 걱정됨.",
삼청각,94,,60000000,150000.0,"견적받은 할인가 식대, 대관료 그 외 기타 비용 대관료+그 외 4600 / 식대 13",,"아쉬운 점 혹은 걱정되는 점공간이 굉장히 넓고 안에서 밥 먹는 곳도 넓어서 좋아보였습니다. 야외 공간을 넓게 쓸 수 있고, 뷰가 정말 좋아서 하객들이 놀러온 기분이 들 것 같았습니다.견적이 높은 이유가 납득되는 공간이라는 생각이 들었습니다.하지만 접근성이 좋지않고 차가 없는 사람은 오기 어려워보였습니다. 셔틀을 운영한다고 하지만 후기를 보니까 식 전에 사람이 몰리면 타기 어렵다고 하더라구요..처음에 할인을 많이 해줘서 혹해서 계약을 했지만 할인을 해도 견적자체가 비싸고, 걱정되는 부분들이 존재해서 마음에 계속 걸려서 결국 취소했습니다식대가 높은데 식사 후기가 엄청 좋지는 않은 것도 아쉽더라구요그래도 공간은 독특하고 예뻤습니다!",
상록아트홀,95,250.0,8900000,89000.0,"견적받은 할인가 식대, 대관료 그 외 기타 비용750/82000 250명",,아쉬운 점 혹은 걱정되는 점아트홀 혼주석이 들어가있음,
상록아트홀 그랜드볼룸홀,95,,,,,"생화장식, 하객 편의, 예쁜 신부 대기실","아쉬운 점 혹은 걱정되는 점: 1. 외부 건물 노후화가 걱정됨
2. 동시예식으로 인한 하객 북적임",
상록아트홀 그랜드볼룸홀,95,,,,,"주차, 편리한 동선","아쉬운 점 혹은 걱정되는 점: 1. 주차비 지원이 1시간 30분으로 빠듯할 것 같음
2. 서브 대기실이 좁아 식 직전에 옮기면 좋을 것 같음",
상암 월드컵 컨벤션,96,200.0,,,"견적받은 할인가 식대, 대관료 그 외 기타 비용","주차장, 홀 제공 음식, 넓은 홀, 대중교통 편의, 합리적 가격",아쉬운 점 혹은 걱정되는 점행사나 공연으로 인해 주변이 혼잡스러울 수 있을 것 같다는 우려가 있습니다. 하지만 컨벤션측에서 혼잡스러울 것을 대비해 발렛 인원을 (무료) 충분히 대비해서 괜찮을 것 같습니다.,
상암 월드컵 컨벤션,96,,,,,"편리한 주차, 맛있는 식사",,
상암 월드컵 컨벤션,96,,,,,밝은 홀,아쉬운 점 혹은 걱정되는 점: 천고가 낮아서 경기가 있는 날 걱정됨.,
서울대 이라운지,97,,4000000,56000.0,"견적받은 할인가 식대, 대관료 그 외 기타 비용총합 1550만원대(200명 기준)",,아쉬운 점 혹은 걱정되는 점서울대에서도 가장 끝에 위치한점,
서울대 이라운지,97,250.0,3850000,64000.0,"견적받은 할인가 식대, 대관료 그 외 기타 비용: 인당 2천원 할인, 1년 전 계약해서 얼리버드 서비스 4중주 받았습니다.","예쁜 홀, 홀 제공 음식, 대중교통 편의","아쉬운 점 혹은 걱정되는 점1) 접근성이 떨어짐서울대 내 예식장 모두 접근성이 좋은 편은 아니지만 이라운지는 특히나 더 접근성이 안 좋은 편인 거 같아요. 그나마 마을버스 타고 종점이라 헷갈릴 일은 없어서 다행이에요.2) 피로연이 2개 장소로 나뉘어져 있는데, 지하에 마련된 피로연은 공간이 좀 .. 애매하게 느껴졌어요.",
서울대학교 교수회관,98,250.0,4050000,90000.0,"견적받은 할인가 식대, 대관료 그 외 기타 비용 정가로 할인없음, 대신 비수기라 100만원 할인해준다 합니다.","넓은 홀, 예쁜 홀","아쉬운 점 혹은 걱정되는 점교수회관 예식 올 때마다 느낀점인데, 홀이 층고가 낮아서 너무 답답해 보였어요.제가 상담간 날은 꽃을 최대로? 추가하신 것 같았어요. 꽃을 추가하니 예뻤지만, 답답한 느낌은 여전했어요ㅠ그리고 교통은 서울대에서 결혼하다면 피할 수 없는 단점이라 생각합니다ㅠ교수회관은 서울대 중간에 위치해있는데, 버스 하차지점이 많이 헷갈릴 수 있을 것 같았어요. 호암교수회관이랑 많이 헷갈린다고 해요.마지막으로 호불호가 많이 갈릴 수 있는 한상차림이 저에겐 단점으로 느껴졌어요.피로연장이 정말 좋았고, 한상차림도 갈비탕 정말 맛있는거 알지만,, 하객들에게 뷔페를 대접하고 싶었어요!",
서울대학교 연구공원,99,,4000000,72000.0,"견적받은 할인가 식대, 대관료 그 외 기타 비용없음",,아쉬운 점 혹은 걱정되는 점아무래도 위치가 교통이 좋진 않아서 걱정입니다.,
서울대학교 이라운지,100,250.0,3850000,61000.0,"견적받은 할인가 식대, 대관료 그 외 기타 비용 297만, 식대 -4천원(cc할인)","예쁜 홀, 신부 대기, 단독 홀, 식 간격","아쉬운 점 혹은 걱정되는 점홀은 서울대 다른 웨딩홀들 보다 가장 작게 느껴졌어요. 뒤에서서 신랑신부가 잘보이더라구요! 이건 장점이 될수도..있으려나요 ㅋㅋ..ㅋㅋ암튼 그래서 버진로드가 매우매우 짧더라구요! 하지만 신부는 2층에서 입장하는 특별함이 있었고, 이를 통해 짧은 버진로드의 단점을 해결할 수 있는 것 같더라구요! 물론, 2층 입장이 저에겐 큰 걱정이긴 합니다...!ㅎㅎ그리고 서울대 교수회관 예식장에 비해 피로연장이 아쉬웠어요. 1층 피로연장은 깔끔하고 뷰가 좋은 곳이지만, 지하 피로연장이 임시로 차린 느낌이 나서 이게 젤 고민이 되더라구요.또 라이브가 아닌 출장뷔페라 조금 걱정이 되긴 했지만, CJ 연계라서 맛잇다는 후기가 많아서,, 믿어보려고 합니다!!ㅎㅎ",
서울웨딩타워,101,300.0,9000000,80000.0,"견적받은 할인가 식대, 대관료 그 외 기타 비용 : 식대 6만원대 / 대관료 600만원대","주차장, 대중교통 편의, 단독 홀, 넓은 홀, 예쁜 홀","아쉬운 점 혹은 걱정되는 점- 보증인원이 높은 편 (최소 300명..)- 70분 간격 예식- 시장 속 찾기 어려운 입- 답례품 교환공간 없음- 엘베이용(엘베는 6대나 있으나,, 불편하긴 하더라구요)- 한상차림 비선호",
서울웨딩타워,102,200.0,9500000,85000.0,"견적받은 할인가 식대, 대관료 그 외 기타 비용 550/6","대중교통 편의, 합리적 가격",아쉬운 점 혹은 걱정되는 점 양식코스라 아쉬움,
선운각,103,250.0,13160000,93000.0,"견적받은 할인가 식대, 대관료 그 외 기타 비용정가라 할인x, 대관료(한옥 500만원, 북한산 뒷마당 500만원) 예약금 입금은 일주일 까지 90%만 환불해 준답니다.( 신중한 결정이 필요해요ㅠ)",예쁜 홀,"아쉬운 점 혹은 걱정되는 점 : 교통이 불편해서 고민 되었는데, 도착해서 보이는 풍경이 너무 예쁘답니다. 부모님들도 모시고 가보았는데 예쁘다고 좋아하셨답니다.",
세상의 모든 아침 여의도,104,,,,,"예쁜 홀 장소, 홀이 분리된 구조",아쉬운 점 혹은 걱정되는 점: 홀이 분리되어 하객들이 섭섭해할까 걱정됨,
세상의 모든아침 여의도,104,,,,,"야경, 온실 인테리어, 스몰웨딩, 플라워 장식 부담","아쉬운 점 혹은 걱정되는 점: 겨울 저녁 예식의 조명이 걱정됨. 전문 식장이 아니며, 플라워 장식이 100% 본인 부담이라 드라마틱하게 하려면 천만원 이상의 비용이 필요함.",
소노펠리체 컨벤션,105,250.0,8000000,77000.0,"견적받은 할인가 식대, 대관료 그 외 기타 비용 : 7만4천원,700만원","대중교통 편의, 넓은 홀, 고객 응대, 홀 제공 음식, 주차장",아쉬운 점 혹은 걱정되는 점 : 가장 상징적인 미녀와야수 계단이 저는 제일 걸리는데요...넘어지기라도할까봐 걱정입니다. 또 신부대기실에 꽃이 많이 없는 것 같다고 여자친구는 그 부분도 좀 걱정을 하더라구요.,
소노펠리체 컨벤션,105,250.0,8000000,77000.0,"견적받은 할인가 식대, 대관료 그 외 기타 비용(문 기준) 대관료 750만, 식대 5%할인 73,150원 (잔치국수 50%할인 인당 2,500원)","홀 제공 음식, 예쁜 홀, 합리적 가격, 단독 홀",아쉬운 점 혹은 걱정되는 점다른 웨딩홀에 비해 약간 부족한 꽃장식하지만 스냅사진들을 검색해보니 꽃이 적어도 충분히 아름답더라고요!!,
소노펠리체 컨벤션,105,400.0,8000000,77000.0,"견적받은 할인가 식대, 대관료 그 외 기타 비용소노기명회원이면 식대 5%, 잔치국수 50% 할인 받아서 식대는 73,150원, 잔치국수는 2,500원이에요ㅎㅎ","대중교통 편의, 주차장, 단독 홀, 신부 대기, 예쁜 홀","아쉬운 점 혹은 걱정되는 점전 꽃이 많은게 좋은데 동굴 같은 분위기인 점이 아쉽네요 ㅠㅠ*타인의 이미지, 글 무단 사용 및 도용 금지-타인의 이미지, 컨텐츠를 사용할때는 꼭 출처를 명시해주세요.*정보 공개를 원치 않으시면 꼭 멤버 공개로 설정해 주세요.",
소풍 부천 웨딩홀,106,200.0,3500000,56000.0,"견적받은 할인가 식대, 대관료 그 외 기타 비용 운영진 메일 공개","대중교통 편의, 홀 제공 음식, 주차장, 예쁜 홀, 식 간격",아쉬운 점 혹은 걱정되는 점 없음,
소피텔 앰배서더 서울 그랜드볼룸,107,200.0,,150000.0,"견적받은 할인가 식대, 대관료 그 외 기타 비용식대 150,000 -> 135,000웨딩케이크 1,100,000 -> 550,000연출료 9,000,000 -> 6,000,000총견적 약 5400만원",,아쉬운 점 혹은 걱정되는 점9번에 서술,
송도메리빌리아 웨딩홀,108,,,,,"세련된 예쁜 홀, 송도 위치, 하객들이 식이 끝난 후 송현아라는 곳에서 브라이덜 샤워가 가능","아쉬운 점 혹은 걱정되는 점: 단독홀 아님, 예약 하기 힘듦, 서울권에서는 거리가 멂, 가격 비쌈",
쉐라톤그랜드 인천 호텔 웨딩 ,109,,,,,,"아쉬운 점 혹은 걱정되는 점: 결혼을 하게 되면 꼭 호텔 웨딩을 해야지 꿈꿔왔었어요! 그래서 예랑이한테 종종 호텔웨딩에 대해서 얘기도 많이 꺼냈었구요!
1부에이어 2부까지 하객분들이랑 같이 즐기고 생에 딱 한번뿐인 날이니, 쫓기듯이 짧게 하는결혼 말고 장시간 결혼식을 즐기고 싶었는데ㅠㅠ..중요한건 가격이죠!
대관료 880에 포함되있는 기본 꽃장식 말고 적으면 몇백부터 몇천까지 추가를해서 홀을 꾸며야했어요ㅠㅠ.. 
이미 여기서 한번 좌절...
양식 코스메뉴에도 잔치국수나 식전떡 같은 경우 +5000원, + 20,000원 추가금액이 있습니다.
주류 또한 따로 추가이기 때문에 여기서 완전 좌절하고 말았지 뭡니까!
이번 생에는 호텔웨딩은 포기하고, 적정한 선에 맞춰서 가는걸로 예랑이랑 합의보고 나왔답니다^^*
가격만 조금 더 합리적이였다면 고려해봤을텐데ㅠㅠ 아쉬운 마음이 큽니당.",
시그니엘,110,195.0,82000000,180000.0,"견적받은 할인가 식대, 대관료 그 외 기타 비용 : 할인 일절 없음!아 일요일이랑 토요일은 가격 차이가 있었습니다.커스텀이 자유로운 대신 모든 것이 추가금입니다.","예쁜 홀, 넓은 홀",아쉬운 점 혹은 걱정되는 점 : 세로로 긴 홀이라 뒤쪽 분들은 잘 안보이실 듯해요.버진로드만 27m입니다. 웨딩 매니저님은 뒤쪽도 다 잘보인다 했지만 글쎄요....행잉플라워 하신다면 스크린도 가려져서 소용없구요.메리어트에서 한 친구는 이것저것 엄청 할인받고 서비스로 받았다던데 시그니엘은 할인은 아무것도 없었어요.,
아로웨딩 성북점,111,,,69000.0,"견적받은 할인가 식대, 대관료 그 외 기타 비용저는 수서점으로 계약해서,, 69,000원~에요!","스몰 웨딩, 예쁜 홀, 대중교통 편의",아쉬운 점 혹은 걱정되는 점주차? 근데 워낙 많이 식을 진행했엇던 곳이라 주차는 문의 해보셔야할것 같아요!,
아모르웨딩홀 이천,112,400.0,2700000,49000.0,"견적받은 할인가 식대, 대관료 그 외 기타 비용식대: 47,000원 (음주류 서비스), 패키지로 진행해서 현금 시 240만원","주차장, 홀 제공 음식, 단독 홀, 예쁜 홀",아쉬운 점 혹은 걱정되는 점- 없습니다.,
아벤티움,113,200.0,8000000,85000.0,,"저희 신랑·신부는 현재 대전에 거주 중이고, 양가 부모님은 서울에 거주하고 계셔서 예식 장소를 정할 때 지역 선택부터 꽤 고민이 많았습니다.  대전에서 준비하더라도 서울에 계신 부모님과 하객분들이 오시기 편하고, 저희도 이동 부담 없이 올라올 수 있는 곳을 찾다 보니 자연스럽게 서울역 인근 웨딩홀 위주로 알아보게 되었어요.  그래서 여러 웨딩홀을 직접 비교하면서 가격, 구성, 동선, 접근성, 그리고 부모님 만족도까지 최대한 객관적으로 하나하나 따져보려고 했습니다.  그렇게 비교하던 과정에서 자연스럽게 가장 인상 깊게 남은 곳이 아벤티움 웨딩홀이었어요.  결혼 준비를 하면서 가장 오래 고민했던 게 웨딩홀이었습니다.  한 번 선택하면 바꾸기 어렵고, 예식의 분위기부터 하객 만족도까지 모든 걸 좌우하는 부분이다 보니  쉽게 결정할 수가 없더라고요.  저희도 처음에는 루이비스를 포함해서 여러 웨딩홀을 함께 비교했는데, 상담을 다 받아보고 나서 오히려 결론은 굉장히 명확해졌습니다. “이 조건에 이 가격이면 아벤티움이 너무 압도적인 가성비다.”  홀 컨디션 + 단독홀이라는 큰 장점  가격 때문에 선택한 웨딩홀이냐고 하면, 전혀 아니에요.  오히려 놀랐던 건 홀 자체가 너무 예뻤다는 점이었습니다.  과하지 않고 깔끔한 분위기 / 사진, 영상 모두 잘 나올 구조 / 무엇보다 단독홀이라는 점  동시간대 다른 예식이 겹치지 않는 단독홀이어서 예식 분위기가 훨씬 여유롭고 프라이빗하게 느껴졌어요.  하객 입장에서도 정신없지 않고, 신랑·신부 입장에서도 훨씬 집중할 수 있을 것 같았습니다. 하객 동선이 정말 잘 짜여 있음  웨딩홀 볼 때 은근히 중요한데 잘 안 보게 되는 게 동선이잖아요.  아벤티움은 이 부분에서 정말 점수를 많이 줬습니다.  홀 → 식사 장소 이동 동선이 짧고 직관적 / 엘리베이터, 이동 경로가 복잡하지 않음 / 어르신들도 헷갈릴 요소가 거의 없음  실제로 “여기 밥 먹으러 가기 진짜 편하겠다”라는 말이 바로 나왔어요.  하객 입장에서 스트레스 없는 예식이 될 것 같다는 확신이 들었습니다. 혼주대기실이 정말 고급스러움  부모님 공간도 굉장히 중요하게 봤는데,  아벤티움 혼주대기실은 정말 만족스러웠어요.  넓고 쾌적한 공간  인테리어가 고급스럽고 단정함  부모님들이 ‘대접받는다’는 느낌이 드는 분위기  “여기는 부모님들이 진짜 좋아하시겠다”라는 생각이 바로 들었고,  혼주대기실 하나만으로도 선택 이유가 충분하다고 느꼈습니다.  추가금 걱정 없는 구성 (이게 진짜 결정타)  개인적으로 가장 마음에 들었던 부분은 추가금이 거의 없다는 점이었어요.  보통 웨딩홀 상담하다 보면 “이건 추가금”, “저건 옵션” 이런 말이 계속 나오잖아요.  근데 아벤티움은 그런 게 거의 없었습니다. 대관료 안에 포함된 구성  3중 악기 연주  사회자  기본 예식에 필요한 구성 대부분 포함  그래서 최종 금액이 처음 상담 때 들었던 금액이랑 크게 달라지지 않는 구조라는 점이 정말 좋았어요. 예산 관리하기에도 훨씬 수월했고, ‘나중에 또 뭐 붙겠지’ 하는 불안감이 없었습니다. 2027년 1·2월 통합오픈으로 계약  저희는 2027년 1·2월 통합오픈 일정으로 계약을 진행했습니다.  원하는 시기를 넉넉하게 가져갈 수 있었고,  상담 과정도 차분하고 부담 없이 진행돼서  신뢰를 가지고 결정할 수 있었습니다.  ​  총평  루이비스와 비교하면서 정말 많이 고민했지만, 결론적으로는 아벤티움 선택에 전혀 아쉬움이 없습니다.  가격은 압도적인 가성비 홀은 예쁘고 단독홀  하객 동선 깔끔 혼주대기실 고급스러움 추가금 없는 명확한 구성  결혼식은 하루지만, 그 하루를 준비하는 과정까지 만족스러워야 한다고 생각하는데 아벤티움은 그 기준을 충분히 충족해준 웨딩홀이었습니다. 혹시 2027년 예식 준비하면서 루이비스랑 아벤티움 사이에서 고민하시는 분들 계시면,  꼭 직접 비교 상담 받아보시길 추천드려요.",,
아벤티움,113,200.0,15000000,75000.0,"견적받은 할인가 식대, 대관료 그 외 기타 비용 : 55,000 / 11,000,000","예쁜 홀, 합리적 가격","아쉬운 점 혹은 걱정되는 점- 엘레베이터를 내리자마자 홀 안이 보여서 정신이 없던 첫인상이 있어요. 그리고 신부 입장 시 건물 통로가 보여서 집중이 잘 안되더라구요. 그렇지만 단독홀, 맛있는 뷔페, 극강의 가성비가 매력적이었어요.뷔페도 먹어보진 않았지만 사람들이 맛있게 먹고 있었어요. 그리고 홀 입장문 양쪽에 대형 현수막으로 신랑신부를 걸어주는 게 차별점이더라구요.결국에는 홀 내외부 환경이 홀리하고 경건한 채플홀의 느낌을 주지 못해서 계약하지 않았지만 서울 내에서 극강의 가성비 홀인 것 같습니다.",
아펠가모 공덕,114,,,,,"깔끔한 분위기, 체계적인 식장, VR 투어","아쉬운 점 혹은 걱정되는 점: 식권을 개인으로 준비해야 한다는 점, 아버지가 단상이 없는 점을 아쉬워했음",
아펠가모 광화문,115,,,,,"예쁜 홀, 단독 홀, 주차장, 고객 응대, 합리적 가격","아쉬운 점 혹은 걱정되는 점: 단상이 없음, 신부 대기실이 어두움",
아펠가모 광화문,115,200.0,9000000,90000.0,"견적받은 할인가 식대, 대관료 그 외 기타 비용 : 홈페이지에서 공개된 견적 그대로","합리적 가격, 홀 제공 음식, 고객 응대",아쉬운 점 혹은 걱정되는 점없음,
아펠가모 반포,117,,7500000,75000.0,"견적받은 할인가 식대, 대관료 그 외 기타 비용 홈페이지와 동일","예쁜 홀, 신부 대기, 주차장, 고객 응대, 합리적 가격","아쉬운 점 혹은 걱정되는 점- 층고가 낮습니다.- 하객수가 많을경우엔 다 못들어갈듯합니다(180명이상)내년부터 제니하우스 입점하여 혼주메이크업 가능하다고 합니당! 이것도 되게 좋더라고요ㅎㅎ*타인의 이미지, 글 무단 사용 및 도용 금지-타인의 이미지, 컨텐츠를 사용할때는 꼭 출처를 명시해주세요.*정보 공개를 원치 않으시면 꼭 멤버 공개로 설정해 주세요.",
아펠가모 반포,117,250.0,9000000,90000.0,"견적받은 할인가 식대, 대관료 그 외 기타 비용- 스마트 예약 가격이 정가보다 훨씬 저렴하더라구요. 기회다싶어 바로예약했습니다.날짜마다 시간마다 할인 가격이조금씩 다른거같은데 상황에 맞춰서 선택하면 될거같아요.","대중교통 편의, 합리적 가격, 홀 제공 음식",아쉬운 점 혹은 걱정되는 점- 사람이 너무 많이오면 식장에 수용못할 수도 있겠다는 생각이들더라구요. 저희같은 경우는그렇게 많지는 않을 예정이라 상관없긴하지만요,
아펠가모 반포,117,,,,,"밝고 따뜻한 분위기, 편리한 동선",아쉬운 점 혹은 걱정되는 점: 1. 천고가 상대적으로 낮은 느낌,
아펠가모 반포,116,200.0,9000000,90000.0,"견적받은 할인가 식대, 대관료 그 외 기타 비용",합리적 가격,아쉬운 점 혹은 걱정되는 점마지막 타임 예식이라서 밥이 모자르진 않을까 걱정되지만 10%의 식사를 더 준비한다고 하니 믿어보겠습니다!아펠가모 식장 너무예쁘고 무엇보다 밥이 맛있다고 하니 부디 저녁시간 마지막 타임에도 뜨끈한 밥이 넉넉히 준비됐으면 좋겠습니다https://youtu.be/b2jNG7JNAJ4https://youtu.be/RXlPs1KdZTY?si=tBeMUufuv1Lz0vTB,
아펠가모 반포,117,200.0,9000000,90000.0,"견적받은 할인가 식대, 대관료 그 외 기타 비용: 아펠가모 홈페이지 스마트 예약과 동일",,아쉬운 점 혹은 걱정되는 점: 홀과 로비가 조금 작은 점,
아펠가모 반포,117,,,,,"아펠가모, 채플형, 넓은 주차장, 혼주 메이크업실, 교통","아쉬운 점 혹은 걱정되는 점: 단상이 없는 로드라 아쉬움, 사회자나 축가 부르는 곳이 좁을 것 같음, 교통 혼잡할 우려",
아펠가모 선릉,118,,,,,"예쁜 홀, 주차장, 대중교통 편의, 고객 응대",아쉬운 점 혹은 걱정되는 점: 홀의 협소함,
아펠가모 선릉,118,200.0,9000000,90000.0,"견적받은 할인가 식대, 대관료 그 외 기타 비용: 아펠가모 홈페이지 스마트 예약 가격과 동일",,아쉬운 점 혹은 걱정되는 점: 9번에 기재,
아펠가모 잠실,119,220.0,"7,500,000",75000.0,"견적받은 할인가 식대, 대관료 그 외 기타 비용- 식대: 51,700원 / 대관료: 4,400,000원","신부 대기, 예쁜 홀, 합리적 가격, 대중교통 편의, 고객 응대",아쉬운 점 혹은 걱정되는 점- 투어 가기전부터도 워낙 주차때문에 악명 높았던 곳이라 불안한 감이있었는데 워낙 긴장하고 갔던 탓인지 확실히 좁긴 하지만 기대한 것만큼(?) 심하진 않았고... 물론 초보인분들에게는 어려울것 같긴했습니다...(막상 주차장 안에는 주차공간이 굉장히 넓었어요) 저는 하객수 자체가 적을 예정이고 자차를 이용하시는 분들이 많지 않을 것 같아 이부분은 고려대상에서 비중이 적어서 괜찮았지만 주차부분이 중요하신 분들이라면 사람마다 느끼는게 다를테니 꼭 직접 확인해보시는게 좋을 것 같아요! (그래도 역세권이라 대중교통 이용이 좋아 선택하는 데에 다행히 고민은 크게 하지 않았던 것 같아요),
아펠가모 잠실,119,280.0,9000000,90000.0,"견적받은 할인가 식대, 대관료 그 외 기타 비용온라인과 정찰제기 때문에 온라인에 명시된 금액과 오프라인 계약가 동일합니다! 스마트예약 진행했어요제가 선택한 날도 아래와 견적 동일합니다","예쁜 홀, 생화 장식, 신부 대기, 홀 제공 음식",아쉬운 점 혹은 걱정되는 점사진에서 보시다시피 주차장이 가장 큰 아쉽고 걱정되는 유일한 점이에요 ㅠㅠ 주차장 입구가 매우 협소해서 진입과 출차 시 스크레치 위험이 높습니다. 주차장 들어가기전에 요원분께서 조심하라고 일러주시고 아펠가모 건물 앞의 공영주차장 이용 가능한데 5분에 250원이라 그거도 걱정 되더라구요 ㅠ ㅠ 그렇지만 청첩장에 주차 주의하라구 작성할 예정입니다. 또한 단독홀인것은 좋으나 홀 로비가 협소해서 하객이 많을 시 복잡할것 같아서 걱정은 됩니다. 또 올해부터 아펠가모 루벨 더채플 라인 가격도 많이 올라서 ㅠㅡㅠ 다른 웨딩 선배들이 지금이 가장 저렴한 때다라고 하는 말들을 한귀로 흘렸으나 ^^ 그게 아쉽지만 ! 아쉬움보다 좋음이 더 가득한 베뉴입니당 ❤️,
아펠가모 잠실 웨딩홀,119,230.0,7500000,75000.0,"견적받은 할인가 식대, 대관료 그 외 기타 비용 식대: 55000원, 대관료 176만원(아펠가모 프로모션 진행기간)","신부 대기, 예쁜 홀, 생화 장식, 합리적 가격, 홀 제공 음식, 고객 응대","아쉬운 점 혹은 걱정되는 점: 역시나 주차요.. 주차장 내려가는 곳은 그냥 친구들이나 친지분들께 차를 갖고 오지 말아달라고 하면 되긴 하지만, 무료가 2시간 밖에 되지 않는 주차 시간에, 내려갈 때도 조금은 번거로운 입구가 가장 신경쓰이고 아쉬워요.. 잠실역과 가까워서 좋긴 하지만 멀리 있는 분들은 확실히 차를 갖고 와서 그게 제일 걱정이더라구요..ㅠㅠ 예식 진행했던 분들은 어떠셨나요?",
앤스퀘어 분당 컨벤션홀,120,200.0,4000000,60000.0,"견적받은 할인가 식대, 대관료 그 외 기타 비용 : 식대 - 5만3천원, 대관료 - 250만원 (vat 별도)",,아쉬운 점 혹은 걱정되는 점 : 아래 서술,
앨리스몽드,121,150.0,4800000,88000.0,"견적받은 할인가 식대, 대관료 그 외 기타 비용 :- 당일 계약 혜택으로 100만원 할인이 있었습니다- 부케, 부토니아, 코사지",,"아쉬운 점 혹은 걱정되는 점1) 위치, 주차- 주차가 위에 견적으로 안내했듯 발렛 100%이기 때문에 하객들이 굉장히 불편할 수 있음하지만, 시간이 길기 때문에 하객 방문 시간을 나누게 되면 번잡함을 줄일 수 있을듯-위치 또한 남산 상단부에 위치하고 있기 때문에 걸어온다는 생각을 아무도 안했으면 좋겠다.제발 다들 버스 타시구여 자차 이용해서 방문해주세요^^2) 공간- 층이 나뉘어 있기 때문에 협소하다고 느낄 수 있고 어떻게 꾸미느냐에 따라 조잡스러워보일수 있다고 생각- 바닥에 무늬가 정말 마음에 들지 않았다(2,3층) 계단도 깔끔한 원톤으로 되어 있으면 좋겠는데 화장실 바닥같다는 생각이 들어서 카펫을 깔던 가릴수있는 방법이 있는지 물어보고 조율이 필요할듯- 어른들이 많은 결혼식이라면 계단때문에 매우 불편할 수 있음- 1층에서 진행하면 개방적이지 않기 때문에 보이지 않는 곳도 있을 수 있다 (영상으로 보면 되지모)3) ATM- 호텔이나 컨벤션홀처럼 ATM이 잘 되있지 않다. 이건 뭐 하우스 웨딩이니까 그렇지 않을까?엄마한테 나중에 ATM이 없어라고 하니까 미리 현금 준비안해오는 사람이 이상한거 아냐?라고 해서이부분은 전혀 걱정이 되지 않았음! 하지만 혹시 모르니 나중에 여쭤볼 필요는 있을 듯총평베뉴 투어라고는 하지만 제가 가끔 한번 꽂히면 다른곳이나 단점은 눈감을 정도로 심하게 몰입하는 경우가 있는데요이게 베뉴에서 생겨버려서 그만 다른 예식장 보지 않고 바로 당일 계약까지 해버렸답니다?베뉴를 저처럼 원샷월킬로 하는 경우를 저는 본 적이 없는데 후회되지 않는 선택이었으면 하네요그치만 원하는대로 ""커스터마이징""이 가능한 흔하지 않은 공간이어서 너무 좋았고공장형 결혼식을 하지 않는것 같아서 더더 마음에 들었구 하루 두팀 예식이고 다음 예식은 저녁이라아주 여유롭게 결혼식을 할 수 있다는게 더더더 좋았답니다.여기서 한다면 하객들도 진짜 축하해주고 이쁜사진 잔뜩찍고 가는 시간이 될 수 있을거 같다는 생각에벌써부터 행복해서 선택을 안할수가 없었어요!! (포토부스 당연히 할거랍니다)이쁜 공간에서 시간보낸다면 그깍 계단쯤이야! 그깟 발렛쯤이야! 기다릴만 하지 않을ㄲr..?",
앰배서더 서울 풀만 남산룸,122,,,,,"야외 웨딩, 만족스러운 서비스, 편리한 동선, 특전 사항, 인원 제한","아쉬운 점 혹은 걱정되는 점: 1. 기본 꽃 장식은 좋지만 추가적인 비용 발생 예상
2. 최대 수용 인원이 180명이라 인원 초과가 될까 걱정됨",
엘리에나 호텔 그랜드볼룸,124,300.0,15000000,138000.0,"견적받은 할인가 식대, 대관료 그 외 기타 비용 식대 93000원 대관료 900만원 플라워 700만원(부가세 별도)",,"아쉬운 점 혹은 걱정되는 점엘리에나 호텔에서 결혼한 지인들이 몇 있어서 방문해보았습니다.위치는 언주역 근처이긴합니다만 언덕위에 있어서 대중교통으로 오시는 분들은 편하지 않을 것 같습니다.주차를 하기 위해서도 골목으로 들어가야하고 경사도 심해서, 주차가 편하지는 않을 것 같은 인상입니다.건물 자체가 매우 어두운데, 홀이 세개씩 있다보니 로비가 매우 어수선했습니다.특급호텔 승격했다는 현수막도 걸려있는데, 그리 고급스러운 느낌은 아니었습니다.로비 화장실도 깨끗하긴 하지만 좁아서 여러 사람들이 몰리면 불편할 것 같았습니다 .5층 그랜드볼룸은 창이 열리는 특이한 야외 구조가 가능해서 인기가 많다고 합니다만, 저는 별로였어요 (취향 차이라고 생각합니다) 아무래도 복층구조이다보니 층이 있는 곳은 천고가 높지 않아 입장시에는 답답한 느낌도 있을것 같았습니다. 플라워의 경우 당일 모든 팀이 쉐어를 해서 비교적 신경쓸게 많이 없고 합리적이라는 생각은 들었습니다. 모든 팀 포토월도 만들어주시고, 아무래도 호텔결혼식을 따라 가려고 한다는 인상을 많이 받았습니다.동시예식이 가능한 것이 특히나 장점인 베뉴라고 생각합니다.내년부터는 롤스로이스 픽업 서비스가 가능하다고 합니다 (그랜드볼룸 한정)저에게는 그저 그랬지만 주변 지인들이 많이 하는 걸보면 확실히 수요가 있는 베뉴임에는 틀림이 없다 생각합니다.+ 스냅 지정 필수",
엘리에나 호텔 임페리얼홀,123,300.0,21000000,118000.0,"견적받은 할인가 식대, 대관료 그 외 기타 비용95,000원, 대관료 및 꽃장식 1400만원, 부가세 별도비수기인 6월말, 14:30 타임을 봤습니다.","대중교통 편의, 합리적 가격, 생화 장식, 홀 제공 음식","아쉬운 점 혹은 걱정되는 점계약하지 않은 이유:방문한 날 뚜벅이 갔는데, 역에서 걸어가기에 언덕이 너무 가파랐고, 저희가 진행할 예식이 6월말이라 꽤 더운 것을 감안하였을때 하객들이 너무 힘들어할 것 같았습니다.그리고 2시쯤 상담신청가서 그런지 모르겠지만 호텔 체크인 때문인지 로비가 꽤 정신없는 편이었습니다.아울러 방문했던 타 웨딩홀 대비 교통이 불편한데도 불구하고, 6월말이 해당 예식장엔 더더욱 비수기로 생각이 듦에도 불구하고 견적이 받은곳들 중 제일 높아서 놀랐던 부분입니다.본식스냅도 엘리에나 연계 스냅 사용 필수이고, 여러 제약이 있으면서도 견적이 생각보다 높은편이라 계약하지 않았습니다.",
엘리에나 호텔 임페리얼홀,123,,,,,,아쉬운 점 혹은 걱정되는 점: 큰 단점은 위치와 주차.. 주차가 너무 헬,
엘블레스 양재,125,250.0,8900000,89000.0,"견적받은 할인가 식대, 대관료 그 외 기타 비용 : 운영진 공개",,"아쉬운 점 혹은 걱정되는 점 :제가 왜 엘블레스를 후순위로 뒀었냐하면, 버진로드가 짧다는 것과 채플식 의자였는데 위에서 말한 것처럼 하객들의 만족도가 최우선이었기 때문에 초 역세권의 교통도 편리하고 밥도 맛있는 엘블레스로 선택했어요!다만, 한 층에 피로연장과 웨딩홀이 모두 모여있기 때문에 어떤 후기에서는 로비에서 음식 냄새가 난다고 하시는 분들도 계셨는데, 제가 방문했을 때는 음식 냄새는 맡을 수 없었습니다 ㅎㅎ다만, 피로연장 종료 30분 전부터 나가라는 방송을? 한다는 후기들도 많아서 이거는 좀 걱정이 되는 부분이기는 하네요 ㅠㅠ 밥 먹고 있는데 나가라는 방송이 들리면 너무 조급하잖아요. 이 부분은 상담 매니저님께 한번 더 확인을 해봐야겠어요.50m© NAVER Corp.엘블레스서울특별시 서초구 강남대로 213 LL층📍주소: 서울특별시 서초구 강남대로 213 LL층 (양재역 9번출구 연결)📞연락처 : 02-526-0300~3🚗주차장 : 900대 동시 수용 가능✅무료주차 : 하객용 2시간 / 웨딩카, 양가혼주용 6시간(5대)✅피로 식사시간 : 예식시간 30분 전부터 2시간 사용✅단독홀 사용로비어르신들이 사진을 많이 찍으신다는 엘블레스 로비의 포토존이예요 ㅎㅎ신부대기실신부대기실 안에 파우더룸과 화장실이 있습니다!VIP대기실(혼주대기실)다이아몬드홀✔️층고는 4.7미터✔️버진로드 17미터웨딩홀에는 사이드 도어가 있어서 식 중에도 자유롭게 드나들 수 있었어요.제가 갔을때는 한창 식중이었는데 상담 매니저님께서 ㅋㅋ 정면 사진찍는 것을 도와주셨어요.. 정말 친절하셨던 ^^피로연장피로연장에서는 스크린으로 예식 중계를 해주고 있고, ""밥블레스"" 라고 불리는 이유를 알 정도로 음식 종류도 정말 많고 퀄리티도 좋아보였어요!제가 느꼈던 장점과 단점 정리해봤습니다!장점단독홀 사용신부대기실, 피로연장 2개라 시간대별로 분산되어복잡하지 않음신부대기실 내부에 별도 화장실 있음역세권 / 교통이 편함밥이 맛있기로 유명이동 동선이 편리강남권 가성비 웨딩홀단점홀이 작고 버진로드가 짧음채플식 의자(개인적 불호)신부입장시 로비에서 들어가야 함지하에 위치(나는 별로 느끼지 못했다!)",
엘블레스 양재,125,,,,,"교통, 주차, 음식, 가성비, 홀 크기",아쉬운 점 혹은 걱정되는 점: 버진로드가 짧고 하객 시 음악 소음 걱정. 기둥이 일부 하객 시야를 가려서 불편함. 견적이 비싸서 아쉬움 남음.,
엘블레스 양재,125,,,,,"주차, 뷔페, 위치(교통)",,
엘블레스 양재,125,,,,,"교통 편리, 연회장 2개, 예쁜 홀, 음식 다양성","아쉬운 점 혹은 걱정되는 점: 교회의자 형태의 좌석이 아쉬웠으나, 공간이 넓고 사진에 예쁘게 나올 것 같아 크게 문제는 되지 않을 것 같음.",
엘블레스 양재,125,,,,,"양재역 3번출구와 바로 연결되어 있어 교통 편의성, 주차 공간도 900대 가능하여 주차 편의","아쉬운 점 혹은 걱정되는 점: 버진로드가 17m로 짧은 점이 조금 걱정되지만, 천천히 걸으면 큰 문제가 아닐 듯.",
엘블레스 양재,125,220.0,8900000,89000.0,"견적받은 할인가 식대, 대관료 그 외 기타 비용 : 일요일이라 할인을 꽤 받았습니다. 그냥저냥 괜찮았어요!","대중교통 편의, 주차장, 홀 제공 음식",,
엘블레스 양재,125,,,,,"동선, 맛있는 밥, 넉넉한 주차, 지하철과 연결, IC 근접","아쉬운 점 혹은 걱정되는 점: 아담한 홀, 신부대기실에서 입장불가",
엘블레스 양재,125,270.0,8900000,89000.0,"견적받은 할인가 식대, 대관료 그 외 기타 비용8만원 초반, 850~860만원","대중교통 편의, 고객 응대, 홀 제공 음식, 합리적 가격, 예쁜 홀","아쉬운 점 혹은 걱정되는 점단상이 조금 낮고, 홀 착석인원이 180석이고, 버진로드가 17m로 짧은 점이 조금 아쉬웠지만,고민중이던 다른 베뉴(분위기 깡패, 위치 최상은 아니지만 중상, 밥도 평균 이상)과 거의 900만원 이상 차이가 나서.. 저희는 고민 끝에 하객분들 입장에서 가장 중요한 위치와 밥!이 최대 강점인 엘블레스로 선택했습니다!!",
엘블레스 양재,125,200.0,8900000,89000.0,"견적받은 할인가 식대, 대관료 그 외 기타 비용 : 운영진에게 공유","홀 제공 음식, 합리적 가격, 예쁜 홀",아쉬운 점 혹은 걱정되는 점 : 홀 수용인원(9번에 자세하게 적겠습니다),
엘블레스 양재,125,,,,,"대중교통 접근성, 식대",아쉬운 점 혹은 걱정되는 점: 작은홀,
엘타워,126,250.0,6600000,130000.0,"견적받은 할인가 식대, 대관료 그 외 기타 비용- 식대 98,000- 대관료 할인없음- 현장중계 스크린 연출 무료제공- 꽃장식 5,940,000- 파이프오르간연주 할인없음=> 47,275,000",,아쉬운 점 혹은 걱정되는 점 : 아래에 작성,
엘타워 그랜드홀,126,350.0,23000000000,140000.0,"견적받은 할인가 식대, 대관료 그 외 기타 비용그랜드:- 식대 11.5만원/기타 비용 450만원 할인",,아쉬운 점 혹은 걱정되는 점 아래 작성,
엘타워 그레이스홀,127,350.0,22500000000,130000.0,"견적받은 할인가 식대, 대관료 그 외 기타 비용 그레이스:- 식대 10.5만원/기타 비용 460만원 할인",,,
엘타워 그레이스홀,127,300.0,13600000,120000.0,"견적받은 할인가 식대, 대관료 그 외 기타 비용95,000원, 대관료 및 꽃장식 1360만원, 기타 200만원여러날짜를 견적받았지만 가장 비싼 점심 타임 기준으로 씁니다. 12시보단 3시나 5시, 일욜은 보지않았는데 더 저렴한것처럼 말씀주셨구요","주차장, 신부 대기","아쉬운 점 혹은 걱정되는 점선택하지 않은 이유:저희는 300명 기준인데, 그레이스홀 상담받았을때 홀이 훨씬 더 커서(380-90명 수용) 홀 뒤에 있는 테이블 두세개는 사용하지 않는다 하셨어요. 대신에 치워주시지 않고 위에 예약?사용하지않음? 팻말을 테이블에 놓는다 했는데, 해당 부분이 아쉬웠습니다.아울러 홀간격이 길긴 하지만, 30분 간격으로 다른층 예식이 진행되기 때문에 1층 로비가 혼잡한점, 워낙 예식이 많이 진행되기 때문에 준공장형 인 느낌이 아쉬웠습니다.라이브 연주도 필수고 어느정도 모든게 정해진 세팅이라고 느껴져서 고민하다가 계약하지 않았습니다.",
여율리,128,200.0,9300000,83000.0,"견적받은 할인가 식대, 대관료 그 외 기타 비용: 68,000원, 630만원","홀 제공 음식, 대중교통 편의, 단독 홀, 예쁜 홀","아쉬운 점 혹은 걱정되는 점: 처음에 도착해서 지하주차장으로 들어갈 때 좀 놀랐어요. 건물 외벽을 리모델링한 건물이라 그런지 주차장이 옛날식이고 좁다고 느껴졌었거든요. 그리고 저희는 일요일에 겨울 예식이여서 큰 걱정은 하진 않지만.. 주변 지인들이 혹시나 여의도여서 시위가 있을까 걱정해주시더라구요..*타인의 이미지, 글 무단 사용 및 도용 금지-타인의 이미지, 컨텐츠를 사용할때는 꼭 출처를 명시해주세요.*정보 공개를 원치 않으시면 꼭 멤버 공개로 설정해 주세요.",
여율리,128,250.0,9800000,85000.0,"견적받은 할인가 식대, 대관료 그 외 기타 비용 : 운영진 공개","대중교통 편의, 합리적 가격, 홀 제공 음식",아쉬운 점 혹은 걱정되는 점 : 한국노총 건물,
여율리,128,,,,,"깔끔한 시설과 맛있는 음식, 좋은 교통편, 주차 공간이 넉넉하며, 친절한 상담으로 계약 결정",아쉬운 점 혹은 걱정되는 점: 엘리베이터를 이용해 뷔페 층으로 가야 하지만 빠르고 편리함,
영빈관,129,250.0,22000000,200000.0,"견적받은 할인가 식대, 대관료 그 외 기타 비용 : 미정",,아쉬운 점 혹은 걱정되는 점 : 날씨,
월드컵 컨벤션 상암,130,200.0,6500000,75000.0,"견적받은 할인가 식대, 대관료 그 외 기타 비용 : 대관료 350만원, 식대 60000원","대중교통 편의, 주차장, 홀 제공 음식",아쉬운 점 혹은 걱정되는 점우선 보증인원은 여기가 골든타임시에는 300명 이상이여야 합니다. 그래서 저희같이 보증인원이 200명 이하일 경우시간대의 제약이 있으며 웨딩홀 층고가 낮다보니 추후 사진 촬영시 천장이 도드라지게 보일 수 있습니다. 스냅 계약하실때 작가님께 이 점은 꼭 말씀드려야 고려해서 촬영해주십니다.그리고 여기가 월드컵경기장 내에 있습니다. 축구경기나 콘서트 등 대형행사가 있으면 하객 주차장 진입시 시간이 지체될 수 있습니다. 경우에 따라 외부 주차장을 이용할수도 있습니다. 물론 혼주 차량 또는 웨딩카는 우선적으로 주차하여 차질이 없게끔 조치합니다. 그래서 계약하실때 웨딩날 대형행사가 없는지 확인해보시고 추후 웨딩날 갑자기 행사가잡히더라도 웨딩 날짜 변경 가능합니다.계약 이후 시식 후기과 본식 후기는 아래의 링크에 담겨 있습니다.시식후기: https://cafe.naver.com/makemywedding/531256본식후기: https://cafe.naver.com/makemywedding/531269#월드컵컨벤션 #웨딩홀추천 #인기웨딩홀 #신상웨딩홀 #신규웨딩홀 #상암웨딩홀 # 마포웨딩홀,
월드컵 컨벤션 상암 그랜드볼륨홀,130,,,,,"맛있는 식대, 푸릇푸릇한 배경의 커튼, 은은하게 반짝이는 은하수 조명, 우아하고 고급스러운 인테리어","아쉬운 점 혹은 걱정되는 점: 본식날 월드컵경기장에서 경기나 콘서트 등 행사가 잡혀있을 때의 주차 문제
(근데 오전 예식으로 계약하고 와서 크게 차질은 없을 듯 하다)",
웨딩스퀘어 강변,131,200.0,6900000,69000.0,"견적받은 할인가 식대, 대관료 그 외 기타 비용1인 58,000/ 대관료 4,200,000","대중교통 편의, 주차장",아쉬운 점 혹은 걱정되는 점테크노마크 전경 및 화장실 노후호ㅓ,
웨딩스퀘어 강변,131,200.0,10000000,50000.0,"견적받은 할인가 식대, 대관료 그 외 기타 비용 천만대",,아쉬운 점 혹은 걱정되는 점,
웨딩스퀘어 강변,131,200.0,6900000,,"견적받은 할인가 식대, 대관료 그 외 기타 비용","대중교통 편의, 주차장, 합리적 가격",아쉬운 점 혹은 걱정되는 점- 테크노마트 건물,
웨딩시그니처,132,200.0,8900000,83000.0,"견적받은 할인가 식대, 대관료 그 외 기타 비용 대관료: 300만원 / 식대 50,000원","단독 홀, 신부 대기, 넓은 홀",아쉬운 점 혹은 걱정되는 점아무래도 주차문제가 많이 걸리더라구요 ㅠㅠ.. 그리고 연회장 환기가 잘 안되는건지 음식냄새가 안빠져서 잠깐 있다가 나왔는데도 음식냄새가 살짝 나더라구요..,
웨딩시그니처 합정,132,,,,,"고급스러운 홀, 층고 높은, 음식 냄새",아쉬운 점 혹은 걱정되는 점: 아너스홀과 연회장이 같은 층이라 음식 냄새가 걱정되지만 편리함을 고려하여 선택.,
웨딩시티 신도림 스타티스홀,133,170.0,6000000,59000.0,"견적받은 할인가 식대, 대관료 그 외 기타 비용식대 할인가 49,500원 / 대관료 할인가 2,250,000원","대중교통 편의, 합리적 가격, 주차장",아쉬운 점 혹은 걱정되는 점생각보다 천고가 낮아 웅장한 느낌이 덜했던 게 조금 아쉽습니다. 스타티스홀의 경우 ATM 기기 위치가 멀리 떨어져있던 것으로 기억해서 하객들 이용이 불편할 것 같아 살짝 걱정돼요. 그리고 테크노마트 이용객이 많아 건물 내 엘리베이터 혼잡도 높은 것도 걱정인데 그래도 에스컬레이터 이용할 수 있어서 그나마 완화가 될 것 같습니다.,
웨딩컨벤션 여의도,134,,,,,"단독홀, 주차 편리, 맛있는 음식, 넓은 공간, 포토테이블",,
웨스턴베니비스 영등포,135,,,,,"영등포 결혼식장, 접근성 좋은 위치","아쉬운 점 혹은 걱정되는 점: 신부대기실 뒤 금장식과 홀 뒷배경 나무가 거슬렸지만, 내년에 디자인 변경 예정. 주차는 혼주만 홀 건물에 가능함",
웨스텐베니비스 신도림 다이너스티홀,135,200.0,,,"견적받은 할인가 식대, 대관료 그 외 기타 비용","대중교통 편의, 주차장, 홀 제공 음식","아쉬운 점 혹은 걱정되는 점같은 층에 홀이 3개가 있고 아랫층에도 웨딩홀이 있어 복잡하진 않을까, 하객분들이 헷갈려하지는 않을까 살짝 걱정입니다..",
웨스틴조선 그랜드볼룸홀,136,180.0,70000000,170000.0,"견적받은 할인가 식대, 대관료 그 외 기타 비용 : 식대 할인 없음(극비수기에만 식대 할인 있음 약 10%)","넓은 홀, 고객 응대",아쉬운 점 혹은 걱정되는 점 : 토요일 12시에는 임직원 할인이 따로 안돼서 아쉬웠어요.그리고 하루에 12시 6시 이렇게 식이 2개가 있는데 오로라일 경우 12시 식에서 고른 천정 장식을따라가야한다고 했습니다. 오로라를 12시 식이 한다면 6시 식은 무조건 오로라를 따라가야해요!(금액도 그렇게 지불해야합니다!)>> 오로라 설치 시간이 약 4시간 정도 걸린다고 하네요,
웨스틴조선 그랜드볼룸홀,136,300.0,5000000,170000.0,"견적받은 할인가 식대, 대관료 그 외 기타 비용300명 이상 보증인원시 대관료 500만원에서 200만원으로 할인적용!300명 기준 오로라, 백월 포함시 최소 견적 9500만원~",예쁜 홀,"아쉬운 점 혹은 걱정되는 점사악한 견적 ㅎㅎ, 시위리스크가 있을 수 있다는 점, 신부대기실이 2층에 있다는 점, 피아노 4중주 기준 88만원이나, 외부 업체 부르면 22만원 추가 비용 소요된다는 점",
이룸웨딩컨벤션,137,,,,,"교통, 생화, 가성비, 친절한 서비스, 홀 로비 넓음",아쉬운 점 혹은 걱정되는 점: 연회장이 낡은 느낌이 들고 메뉴의 질이 아쉬웠음.,
이비스 앰배서더 수원,138,250.0,12000000,89000.0,"견적받은 할인가 식대, 대관료 그 외 기타 비용 : 식대 10% 할인 적용단가 80,100 원 / 대관료 기본 20% 할인해서 960만원 / 당일계약시 대관료 25% 할인해서 900만원 ( 계약금은 150만원 나머지는 모두 식 후 결제)",,"아쉬운 점 혹은 걱정되는 점 : 랜덤으로 배정되는 연회장, 생각보다 홀 컨디션이 별로",
자원힐스 해피 뉴데이,139,,,,,"아름다운 뷰와 건물, 다양한 음식 선택지, 조용한 분위기","아쉬운 점 혹은 걱정되는 점: 공사 중인 구역이 많고 도로가 비포장되어 불편함, 추가 비용이 많이 발생할 가능성, 하객 교통이 어려움",
전경련플라자,140,,,,,"전경련, 합리적인가격","아쉬운 점 혹은 걱정되는 점: 짧은 버진로드, 벽 색상과 그림이 호불호가 갈릴 수 있습니다.",
조선팰리스,141,160.0,5500000,20000.0,"견적받은 할인가 식대, 대관료 그 외 기타 비용할인없음",,아쉬운 점 혹은 걱정되는 점 9번에 작성,
지타워 컨벤션,142,270.0,"15,000,00",95000.0,"견적받은 할인가 식대, 대관료 그 외 기타 비용대관료 850 / 식대 88000원",,아쉬운 점 혹은 걱정되는 점: 9번에 작성,
지타워 컨벤션,142,300.0,15000000,95000.0,"견적받은 할인가 식대, 대관료 그 외 기타 비용810만/88000","합리적 가격, 고객 응대, 주차장, 홀 제공 음식, 신부 대기",아쉬운 점 혹은 걱정되는 점5군데 상담을 받기전부터 지타워가 마음에 들었던만큼저희에겐단점이 없어요 굳이 뽑자면가격이겠죠ㅠㅠ 가격이 다른 베뉴보다는 비싸요그래도 호텔보다는훨씬저렴하고 호텔정도의 퀄리티이인거같아요,
지타워 컨벤션 구로,143,,,,,"넓은 2층 로비로 하객들이 많아도 혼잡하지 않은 웅장한 로비, 코랄과 핑크 톤의 풍부한 플라워 장식, 외부 주차 없이 건물 내에서 1,400대의 주차 가능의 주차 편의성, 하객 동선 편의성, 넉넉한 연회장 수용인원","아쉬운 점 혹은 걱정되는 점: 비수기라 그랬는지 모르겠지만, 예식장 안내하시는 분들이 너무 없었어요ㅠㅠ
특히, 대중교통을 이용하시는 분들의 경우에는 1층에 들어와서 예식장이 어딘지 한참 찾을 것 같은 느낌..?
그리고 넷마블 사옥이라 그런지 주말에는 1층 식당가가 다 문을 닫아서, 조금 유령도시같은 느낌이 있었습니다.
​",
지타워 컨벤션 구로,143,,,,,"넉넉한 주차 편의, 깔끔한 하객 동선​, 웅장하고 고급스러운 로비, 플라워 장식, 좌석 배치 및 공간 활용, 뛰어난 스크린 해상도, 뷔페 연회장(인당 스테이크 제공) ","아쉬운 점 혹은 걱정되는 점: 접근성 별로, 교통 별로",
채플앳논현,144,,,,,"경건한 분위기, 좋은 동선, 맛있는 음식",아쉬운 점 혹은 걱정되는 점: 1. 첫타임을 제외한 자차 주차 문제 발생 가능,
채플앳논현 라메르홀,144,250.0,11000000,110000.0,"견적받은 할인가 식대, 대관료 그 외 기타 비용 : 식대 75,900원, 대관료 814만원","예쁜 홀, 홀 제공 음식",아쉬운 점 혹은 걱정되는 점 : 토요일 12:30이라 손님들 주차가 좀 걱정,
천안 블리스홀,145,,,,,"교통 편리, 혼주식사 별도 준비, 룸 배정",아쉬운 점 혹은 걱정되는 점: 같은 층에 2개의 홀이 있어 혼잡할 수 있는 점이 아쉬움.,
카라홀,146,150.0,9700000,130000.0,"견적받은 할인가 식대, 대관료 그 외 기타 비용13만원/ 대관료 670만원 플라워 990만원(신부대기실 플라워 서비스) 원판스냅 165만원 / 테이블와인 7.15만원*n",,"아쉬운 점 혹은 걱정되는 점홀 수용인원 120명 정도로 스몰웨딩이 적합, 자차 없는 하객의 경우 인근 지하철 역이 없어 접근성 떨어짐",
컨벤션센터 가천,13,,,,,"기차역 근처, 한정식, 주차 편리",아쉬운 점 혹은 걱정되는 점: 식사를 하지 않는 분들에 대한 답례품 제공이 없어 아쉬움.,
컨벤션센터 가천,13,,8800000,88000.0,"견적받은 할인가 식대, 대관료 그 외 기타 비용 : 대관료 740만원, 식대 74,000원","단독 홀, 예쁜 홀, 주차장, 대중교통 편의",아쉬운 점 혹은 걱정되는 점 : 뷔페가 아닌 스테이크 정식형태로 식사 제공되나 하객 식사평과 만족도가 좋아 선택,
크레스트72 가든홀 ,147,250.0,8000000,66000.0,"견적받은 할인가 식대, 대관료 그 외 기타 비용웰컴 드링크 무료/ 와인제외 음주류 무료기타 인력 및 소모품 무료셔틀버스 무료+ 무료 적용 금액 제외 후 총 금액에서 15% 할인(일요일 견적만 해당)할인 모두 적용한 금액 250명 기준,약 3000만원 (3000보다 아주 조금 모자름)","예쁜 홀, 대중교통 편의, 단독 홀, 합리적 가격, 생화 장식, 고객 응대",,
트라디노이,148,80.0,3000000,88000.0,"견적받은 할인가 식대, 대관료 그 외 기타 비용-> 착오가 있었는데, 할인받아서 위 가격입니다!","예쁜 홀, 단독 홀, 주차장","아쉬운 점 혹은 걱정되는 점-> 보증인원이 적은곳인데, 예상보다 하객들이 많이 올까봐 걱정이 됩니다ㅜㅜ-> 4면유리라 자연채광을 살린 예식사진을 얻으면 좋을 것 같지만저는 저녁 예식이라 (2024년은 예약이 꽉참) 자연채광이 비치는 사진을 얻을 수 없을까 걱정이 됩니다.5시부터 예식이 가능해서 저녁예식이어도 충분히 가능하지만 저는 퇴근시간 맞추느라 식이 늦어지거든요ㅜㅜ10월이지만 해가 늦게 떨어지길 바래봅니다ㅎㅎ....디렉터님을 만나뵀는데 너무 센스있으시고 단 한번뿐인 웨딩 믿고 가도 될만큼 든든합니다ㅎㅎ한국 웨딩에서 피하고싶었던 축의함, 신부대기실이 없는게 너무나 마음에 들었습니다.이 부분 구상하신 센스면 믿고 가도 될 웨딩홀인것같아요.......ㅎㅎㅎㅎㅎ개성있는 나만의 특별한 웨딩을 원하시면 무조건 트라디노이라고 생각합니다!!!!",
파티움 하우스 수원,149,200.0,3000000,58000.0,"견적받은 할인가 식대, 대관료 그 외 기타 비용- 웨딩홀과 계약시 견적 오픈하지 않기로 해서 오픈은 못하지만 할인 많이 해주십니다!","예쁜 홀, 단독 홀, 대중교통 편의, 주차장",아쉬운 점 혹은 걱정되는 점- 층고가 낮아 아쉽지만 최근 리모델링을 해서 천장이 화이트가 되어 홀이 훨씬 넓고 밝아보여요- 버진로드가 짧지만 곡선으로 되어 있어 괜찮다고 생각합니다.,
파티움 하우스 수원,149,200.0,6600000,61000.0,"견적받은 할인가 식대, 대관료 그 외 기타 비용 : 당일계약 시 식대 1000원 할인 / 대관료 50% 할인","생화 장식, 합리적 가격, 홀 제공 음식, 대형 스크린",아쉬운 점 혹은 걱정되는 점 : 낮은 층고,
판교W스퀘어,150,,8000000,60000.0,"견적받은 할인가 식대, 대관료 그 외 기타 비용대관료 550 식대 56000","단독 홀, 주차장, 예쁜 홀, 홀 제공 음식",아쉬운 점 혹은 걱정되는 점사실 원래 w스퀘어는 예정에도 없었고 채플홀 자체가 제스타일이 아니라 논외로 뒀었는데 플래너분 추천으로 다녀왔다가 꽂혀서 결정했네여..고민했던대로 버진로드 없는게 아쉽지만 모든걸 만족 할 순 없으니 포기하기로 했습니다~,
평택 티웨딩홀,151,150.0,4200000,55000.0,"견적받은 할인가 식대, 대관료 그 외 기타 비용식대 성인 46000원 소인 25000원대관료 본식사진 예식컨시어즈 플라워샤워 포함 170만원","예쁜 홀, 신부 대기, 합리적 가격, 넓은 홀",아쉬운 점 혹은 걱정되는 점다른곳과 마지막까지 고민했던건 연회장과 주차였어요음식수가 적어보이고 연회장이 작아보여 걱정이긴 합니다맛은 있다고 하는데 안먹어봐서 모르겠네요주차는 걱정말라고 하시던데 예식장 밖에도 주차장이 있어서 공간은 많아보입니다출차할때만 붐비지 않았으면 좋겠네용홀이 한 층에 두개다보니 예식시간대가 30분 차이로 나눠져있다고해도하객들이 혼란스러울거 같았습니다저흰 하객이 많이 오지 않을거같아서오히려 많아보이고 좋지 않을까 생각이 들었어요ㅎㅎ,
포시즌스 광화문,152,250.0,,180000.0,"견적받은 할인가 식대, 대관료 그 외 기타 비용할인없기로 유명한 만큼 일체 할인 없었습니다..다만 2월 비수기에는 식대 16만원, 웨딩케익 60만원, 와인 1병당 8만원 이었습니다.",,"아쉬운 점 혹은 걱정되는 점장점)위치가 서울 중심이고 지하철역과 가깝습니다.층고 높은 편이었고 정사각형 웨딩홀이라 직사각형 보다는 좀더 넓어 보이는 느낌이었습니다.꽃장식 기본이 많아서 추가를 많이 하지 않아도 될 것 같습니다.신부대기실이 통창이라 햇살이 잘들어서 사진 잘나올 것 같았습니다.단점)위치는 좋으나 교통 체증이 가장 문제입니다. 상담날 대규모 행사가 있어서 그런지 굉장히 많이 막혔고, 밖이 혼잡했습니다.지금 결혼 성수기 시즌이라 그런지 모든 홀이 다차있어서 주차가 만차 -> 옆에 있는 야외주차장에 주차를 하고 갔습니다.지방 하객이 많아서 차를 대절해야하는데 관광버스가 주차할 곳이 없어서 근처 공영에서 대기해야 한다는점, 큰 도로변이라서 버스에서 승하차 할때 거의 갓길주차 처럼 되어서 여유롭게 승하자 하기 힘들다는 점이 저희에겐 굉장히 단점이었습니다.3층 내리자마자 오른쪽에 로비+메일 홀, 왼쪽에 신부대기실인데, 로비가 좀 좁았어요. 손님이 많으신 분들이라면 별로일 것 같아요~선택하지는 않았지만 홀 장식이나 내부가 괜찮아서 3순위로 고민중입니다.",
포시즌스 호텔 그랜드볼룸,152,250.0,,180000.0,"견적받은 할인가 식대, 대관료 그 외 기타 비용할인 없음 (비수기 7-8, 1-2월 일부 식대 16만)","단독 홀, 신부 대기, 넓은 홀, 고객 응대, 홀 제공 음식, 주차장",아쉬운 점 혹은 걱정되는 점- 유명한 광화문 시위 리스크- 버진로드가 20m로 길지않음- 견적 (+꽃 추가금파티가 열릴 수 있음)- 부지 자체가 넓지않아 피크타임에 주차장 혼잡할수있음,
플라자홀,153,250.0,22000000,98000.0,"견적받은 할인가 식대, 대관료 그 외 기타 비용 : 8.4만(성인기준) / 830만(플라워등 연출+대관료)",예쁜 홀,아쉬운 점 혹은 걱정되는 점: 없습니다! (이유는 아래 적을게요!),
호텔나루 서울 엠갤러리,154,200.0,44000000,120000.0,"견적받은 할인가 식대, 대관료 그 외 기타 비용 :- 식대 9.9만원- 대관료(꽃+대관+세팅) : 총 견적 3,800만원대 + 추가비용있음",,아쉬운 점 혹은 걱정되는 점 : 9번에 자세히 쓰겠습니다.,
호텔리츠 수원,155,250.0,6900000,69000.0,"견적받은 할인가 식대, 대관료 그 외 기타 비용 : 6.3만원 / 420만원","넓은 홀, 신부 대기, 홀 제공 음식, 합리적 가격",아쉬운 점 혹은 걱정되는 점 : 50분예식이라서 짧고 앞뒤로 식이 겹칠까봐 어수선한 분위기가 될 것같아 걱정이에요.,
휘겸재,156,,13200000,120100.0,18176000,"스몰 웨딩, 예쁜 홀, 주차장, 대중교통 편의","아쉬운 점 혹은 걱정되는 점- 온난화 때문에 작년, 올해 9월 중순에 폭우가 쏟아져서 날씨가 걱정되네요🥲- 음식이 직접 휘겸재에서 요리 되는게 아니고 파크하야트에서 캐더링으로 가져와서 추가적으로 조리되는거라 걱정이 좀 있었는데 (저희는 음식이 무조건 맛있어야하기때문에!!) 휘겸재 웨딩디렉팅 담당자님께서 걱정하지 말라며, 정말 맛있게 해주신다고해서 믿고 가려구요!!- 북촌 한옥마을 쪽이다보니 지방에서 올라오시는 분들은 강북쪽으로 오시는데 시간이 좀 더 걸릴 것 같습니다 혹여나 광화문에서 시위라도 있으면 교통이 불편할 수도 있을것같아요",
히든가든 인천 하우스웨딩,157,,,,,"고급스러운 분위기, 하우스웨딩, 반려견 가능","아쉬운 점 혹은 걱정되는 점: 주차 문제: 하객은 문학경기장역 주차 후 셔틀버스를 이용해야 하며, 신랑신부 및 혼주 주차는 4대 가능",
